sku,type,title,photo_group,photo_order,photo_count,source_file,hosted_file,raw_url
PKM-20260821-001,Italian,Pokemon Italian Fossil Dragonite 4/62 Holo WOTC 1999,1,1,5,IMG_5950.HEIC,individuals/20260821/001-01.jpg,https://raw.githubusercontent.com/chandlersimon/pokemon-ebay-images/main/individuals/20260821/001-01.jpg
PKM-20260821-001,Italian,Pokemon Italian Fossil Dragonite 4/62 Holo WOTC 1999,1,2,5,IMG_5951.HEIC,individuals/20260821/001-02.jpg,https://raw.githubusercontent.com/chandlersimon/pokemon-ebay-images/main/individuals/20260821/001-02.jpg
PKM-20260821-001,Italian,Pokemon Italian Fossil Dragonite 4/62 Holo WOTC 1999,1,3,5,IMG_5952.HEIC,individuals/20260821/001-03.jpg,https://raw.githubusercontent.com/chandlersimon/pokemon-ebay-images/main/individuals/20260821/001-03.jpg
PKM-20260821-001,Italian,Pokemon Italian Fossil Dragonite 4/62 Holo WOTC 1999,1,4,5,IMG_5953.HEIC,individuals/20260821/001-04.jpg,https://raw.githubusercontent.com/chandlersimon/pokemon-ebay-images/main/individuals/20260821/001-04.jpg
PKM-20260821-001,Italian,Pokemon Italian Fossil Dragonite 4/62 Holo WOTC 1999,1,5,5,IMG_5954.HEIC,individuals/20260821/001-05.jpg,https://raw.githubusercontent.com/chandlersimon/pokemon-ebay-images/main/individuals/20260821/001-05.jpg
PKM-20260821-002,Italian,Pokemon Italian Team Rocket Dark Dragonite 5/82 Holo WOTC 2000,2,1,5,IMG_5955.HEIC,individuals/20260821/002-01.jpg,https://raw.githubusercontent.com/chandlersimon/pokemon-ebay-images/main/individuals/20260821/002-01.jpg
PKM-20260821-002,Italian,Pokemon Italian Team Rocket Dark Dragonite 5/82 Holo WOTC 2000,2,2,5,IMG_5956.HEIC,individuals/20260821/002-02.jpg,https://raw.githubusercontent.com/chandlersimon/pokemon-ebay-images/main/individuals/20260821/002-02.jpg
PKM-20260821-002,Italian,Pokemon Italian Team Rocket Dark Dragonite 5/82 Holo WOTC 2000,2,3,5,IMG_5957.HEIC,individuals/20260821/002-03.jpg,https://raw.githubusercontent.com/chandlersimon/pokemon-ebay-images/main/individuals/20260821/002-03.jpg
PKM-20260821-002,Italian,Pokemon Italian Team Rocket Dark Dragonite 5/82 Holo WOTC 2000,2,4,5,IMG_5958.HEIC,individuals/20260821/002-04.jpg,https://raw.githubusercontent.com/chandlersimon/pokemon-ebay-images/main/individuals/20260821/002-04.jpg
PKM-20260821-002,Italian,Pokemon Italian Team Rocket Dark Dragonite 5/82 Holo WOTC 2000,2,5,5,IMG_5959.HEIC,individuals/20260821/002-05.jpg,https://raw.githubusercontent.com/chandlersimon/pokemon-ebay-images/main/individuals/20260821/002-05.jpg
PKM-20260821-003,Italian,Pokemon Italian Team Rocket Dark Arbok 2/82 Holo WOTC 2000,3,1,5,IMG_5960.HEIC,individuals/20260821/003-01.jpg,https://raw.githubusercontent.com/chandlersimon/pokemon-ebay-images/main/individuals/20260821/003-01.jpg
PKM-20260821-003,Italian,Pokemon Italian Team Rocket Dark Arbok 2/82 Holo WOTC 2000,3,2,5,IMG_5961.HEIC,individuals/20260821/003-02.jpg,https://raw.githubusercontent.com/chandlersimon/pokemon-ebay-images/main/individuals/20260821/003-02.jpg
PKM-20260821-003,Italian,Pokemon Italian Team Rocket Dark Arbok 2/82 Holo WOTC 2000,3,3,5,IMG_5962.HEIC,individuals/20260821/003-03.jpg,https://raw.githubusercontent.com/chandlersimon/pokemon-ebay-images/main/individuals/20260821/003-03.jpg
PKM-20260821-003,Italian,Pokemon Italian Team Rocket Dark Arbok 2/82 Holo WOTC 2000,3,4,5,IMG_5963.HEIC,individuals/20260821/003-04.jpg,https://raw.githubusercontent.com/chandlersimon/pokemon-ebay-images/main/individuals/20260821/003-04.jpg
PKM-20260821-003,Italian,Pokemon Italian Team Rocket Dark Arbok 2/82 Holo WOTC 2000,3,5,5,IMG_5964.HEIC,individuals/20260821/003-05.jpg,https://raw.githubusercontent.com/chandlersimon/pokemon-ebay-images/main/individuals/20260821/003-05.jpg
PKM-20260821-004,Grass,Pokemon Gym Challenge Koga's Koffing 48/132 WOTC 2000,4,1,5,IMG_5965.HEIC,individuals/20260821/004-01.jpg,https://raw.githubusercontent.com/chandlersimon/pokemon-ebay-images/main/individuals/20260821/004-01.jpg
PKM-20260821-004,Grass,Pokemon Gym Challenge Koga's Koffing 48/132 WOTC 2000,4,2,5,IMG_5966.HEIC,individuals/20260821/004-02.jpg,https://raw.githubusercontent.com/chandlersimon/pokemon-ebay-images/main/individuals/20260821/004-02.jpg
PKM-20260821-004,Grass,Pokemon Gym Challenge Koga's Koffing 48/132 WOTC 2000,4,3,5,IMG_5967.HEIC,individuals/20260821/004-03.jpg,https://raw.githubusercontent.com/chandlersimon/pokemon-ebay-images/main/individuals/20260821/004-03.jpg
PKM-20260821-004,Grass,Pokemon Gym Challenge Koga's Koffing 48/132 WOTC 2000,4,4,5,IMG_5968.HEIC,individuals/20260821/004-04.jpg,https://raw.githubusercontent.com/chandlersimon/pokemon-ebay-images/main/individuals/20260821/004-04.jpg
PKM-20260821-004,Grass,Pokemon Gym Challenge Koga's Koffing 48/132 WOTC 2000,4,5,5,IMG_5970.HEIC,individuals/20260821/004-05.jpg,https://raw.githubusercontent.com/chandlersimon/pokemon-ebay-images/main/individuals/20260821/004-05.jpg
PKM-20260821-005,Grass,Pokemon Neo Genesis Chikorita 54/111 WOTC 2000,5,1,5,IMG_5971.HEIC,individuals/20260821/005-01.jpg,https://raw.githubusercontent.com/chandlersimon/pokemon-ebay-images/main/individuals/20260821/005-01.jpg
PKM-20260821-005,Grass,Pokemon Neo Genesis Chikorita 54/111 WOTC 2000,5,2,5,IMG_5972.HEIC,individuals/20260821/005-02.jpg,https://raw.githubusercontent.com/chandlersimon/pokemon-ebay-images/main/individuals/20260821/005-02.jpg
PKM-20260821-005,Grass,Pokemon Neo Genesis Chikorita 54/111 WOTC 2000,5,3,5,IMG_5973.HEIC,individuals/20260821/005-03.jpg,https://raw.githubusercontent.com/chandlersimon/pokemon-ebay-images/main/individuals/20260821/005-03.jpg
PKM-20260821-005,Grass,Pokemon Neo Genesis Chikorita 54/111 WOTC 2000,5,4,5,IMG_5974.HEIC,individuals/20260821/005-04.jpg,https://raw.githubusercontent.com/chandlersimon/pokemon-ebay-images/main/individuals/20260821/005-04.jpg
PKM-20260821-005,Grass,Pokemon Neo Genesis Chikorita 54/111 WOTC 2000,5,5,5,IMG_5975.HEIC,individuals/20260821/005-05.jpg,https://raw.githubusercontent.com/chandlersimon/pokemon-ebay-images/main/individuals/20260821/005-05.jpg
PKM-20260821-006,Grass,Pokemon Legendary Collection Metapod 54/110 WOTC 2002,6,1,5,IMG_5976.HEIC,individuals/20260821/006-01.jpg,https://raw.githubusercontent.com/chandlersimon/pokemon-ebay-images/main/individuals/20260821/006-01.jpg
PKM-20260821-006,Grass,Pokemon Legendary Collection Metapod 54/110 WOTC 2002,6,2,5,IMG_5977.HEIC,individuals/20260821/006-02.jpg,https://raw.githubusercontent.com/chandlersimon/pokemon-ebay-images/main/individuals/20260821/006-02.jpg
PKM-20260821-006,Grass,Pokemon Legendary Collection Metapod 54/110 WOTC 2002,6,3,5,IMG_5978.HEIC,individuals/20260821/006-03.jpg,https://raw.githubusercontent.com/chandlersimon/pokemon-ebay-images/main/individuals/20260821/006-03.jpg
PKM-20260821-006,Grass,Pokemon Legendary Collection Metapod 54/110 WOTC 2002,6,4,5,IMG_5979.HEIC,individuals/20260821/006-04.jpg,https://raw.githubusercontent.com/chandlersimon/pokemon-ebay-images/main/individuals/20260821/006-04.jpg
PKM-20260821-006,Grass,Pokemon Legendary Collection Metapod 54/110 WOTC 2002,6,5,5,IMG_5980.HEIC,individuals/20260821/006-05.jpg,https://raw.githubusercontent.com/chandlersimon/pokemon-ebay-images/main/individuals/20260821/006-05.jpg
PKM-20260821-007,Grass,Pokemon Ruby Sapphire Breloom 16/109 EX 2003,7,1,5,IMG_5981.HEIC,individuals/20260821/007-01.jpg,https://raw.githubusercontent.com/chandlersimon/pokemon-ebay-images/main/individuals/20260821/007-01.jpg
PKM-20260821-007,Grass,Pokemon Ruby Sapphire Breloom 16/109 EX 2003,7,2,5,IMG_5982.HEIC,individuals/20260821/007-02.jpg,https://raw.githubusercontent.com/chandlersimon/pokemon-ebay-images/main/individuals/20260821/007-02.jpg
PKM-20260821-007,Grass,Pokemon Ruby Sapphire Breloom 16/109 EX 2003,7,3,5,IMG_5983.HEIC,individuals/20260821/007-03.jpg,https://raw.githubusercontent.com/chandlersimon/pokemon-ebay-images/main/individuals/20260821/007-03.jpg
PKM-20260821-007,Grass,Pokemon Ruby Sapphire Breloom 16/109 EX 2003,7,4,5,IMG_5984.HEIC,individuals/20260821/007-04.jpg,https://raw.githubusercontent.com/chandlersimon/pokemon-ebay-images/main/individuals/20260821/007-04.jpg
PKM-20260821-007,Grass,Pokemon Ruby Sapphire Breloom 16/109 EX 2003,7,5,5,IMG_5985.HEIC,individuals/20260821/007-05.jpg,https://raw.githubusercontent.com/chandlersimon/pokemon-ebay-images/main/individuals/20260821/007-05.jpg
PKM-20260821-008,Grass,Pokemon Neo Discovery Caterpie 53/75 WOTC 2001,8,1,5,IMG_5986.HEIC,individuals/20260821/008-01.jpg,https://raw.githubusercontent.com/chandlersimon/pokemon-ebay-images/main/individuals/20260821/008-01.jpg
PKM-20260821-008,Grass,Pokemon Neo Discovery Caterpie 53/75 WOTC 2001,8,2,5,IMG_5987.HEIC,individuals/20260821/008-02.jpg,https://raw.githubusercontent.com/chandlersimon/pokemon-ebay-images/main/individuals/20260821/008-02.jpg
PKM-20260821-008,Grass,Pokemon Neo Discovery Caterpie 53/75 WOTC 2001,8,3,5,IMG_5988.HEIC,individuals/20260821/008-03.jpg,https://raw.githubusercontent.com/chandlersimon/pokemon-ebay-images/main/individuals/20260821/008-03.jpg
PKM-20260821-008,Grass,Pokemon Neo Discovery Caterpie 53/75 WOTC 2001,8,4,5,IMG_5989.HEIC,individuals/20260821/008-04.jpg,https://raw.githubusercontent.com/chandlersimon/pokemon-ebay-images/main/individuals/20260821/008-04.jpg
PKM-20260821-008,Grass,Pokemon Neo Discovery Caterpie 53/75 WOTC 2001,8,5,5,IMG_5990.HEIC,individuals/20260821/008-05.jpg,https://raw.githubusercontent.com/chandlersimon/pokemon-ebay-images/main/individuals/20260821/008-05.jpg
PKM-20260821-009,Grass,Pokemon FireRed LeafGreen Scyther 29/112 EX 2004,9,1,5,IMG_5991.HEIC,individuals/20260821/009-01.jpg,https://raw.githubusercontent.com/chandlersimon/pokemon-ebay-images/main/individuals/20260821/009-01.jpg
PKM-20260821-009,Grass,Pokemon FireRed LeafGreen Scyther 29/112 EX 2004,9,2,5,IMG_5992.HEIC,individuals/20260821/009-02.jpg,https://raw.githubusercontent.com/chandlersimon/pokemon-ebay-images/main/individuals/20260821/009-02.jpg
PKM-20260821-009,Grass,Pokemon FireRed LeafGreen Scyther 29/112 EX 2004,9,3,5,IMG_5993.HEIC,individuals/20260821/009-03.jpg,https://raw.githubusercontent.com/chandlersimon/pokemon-ebay-images/main/individuals/20260821/009-03.jpg
PKM-20260821-009,Grass,Pokemon FireRed LeafGreen Scyther 29/112 EX 2004,9,4,5,IMG_5994.HEIC,individuals/20260821/009-04.jpg,https://raw.githubusercontent.com/chandlersimon/pokemon-ebay-images/main/individuals/20260821/009-04.jpg
PKM-20260821-009,Grass,Pokemon FireRed LeafGreen Scyther 29/112 EX 2004,9,5,5,IMG_5995.HEIC,individuals/20260821/009-05.jpg,https://raw.githubusercontent.com/chandlersimon/pokemon-ebay-images/main/individuals/20260821/009-05.jpg
PKM-20260821-010,Grass,Pokemon Neo Discovery Scyther 46/75 WOTC 2001,10,1,5,IMG_5996.HEIC,individuals/20260821/010-01.jpg,https://raw.githubusercontent.com/chandlersimon/pokemon-ebay-images/main/individuals/20260821/010-01.jpg
PKM-20260821-010,Grass,Pokemon Neo Discovery Scyther 46/75 WOTC 2001,10,2,5,IMG_5997.HEIC,individuals/20260821/010-02.jpg,https://raw.githubusercontent.com/chandlersimon/pokemon-ebay-images/main/individuals/20260821/010-02.jpg
PKM-20260821-010,Grass,Pokemon Neo Discovery Scyther 46/75 WOTC 2001,10,3,5,IMG_5998.HEIC,individuals/20260821/010-03.jpg,https://raw.githubusercontent.com/chandlersimon/pokemon-ebay-images/main/individuals/20260821/010-03.jpg
PKM-20260821-010,Grass,Pokemon Neo Discovery Scyther 46/75 WOTC 2001,10,4,5,IMG_5999.HEIC,individuals/20260821/010-04.jpg,https://raw.githubusercontent.com/chandlersimon/pokemon-ebay-images/main/individuals/20260821/010-04.jpg
PKM-20260821-010,Grass,Pokemon Neo Discovery Scyther 46/75 WOTC 2001,10,5,5,IMG_6001.HEIC,individuals/20260821/010-05.jpg,https://raw.githubusercontent.com/chandlersimon/pokemon-ebay-images/main/individuals/20260821/010-05.jpg
PKM-20260821-011,Grass,Pokemon Secret Wonders Shuckle 109/132 2007,11,1,5,IMG_6002.HEIC,individuals/20260821/011-01.jpg,https://raw.githubusercontent.com/chandlersimon/pokemon-ebay-images/main/individuals/20260821/011-01.jpg
PKM-20260821-011,Grass,Pokemon Secret Wonders Shuckle 109/132 2007,11,2,5,IMG_6003.HEIC,individuals/20260821/011-02.jpg,https://raw.githubusercontent.com/chandlersimon/pokemon-ebay-images/main/individuals/20260821/011-02.jpg
PKM-20260821-011,Grass,Pokemon Secret Wonders Shuckle 109/132 2007,11,3,5,IMG_6004.HEIC,individuals/20260821/011-03.jpg,https://raw.githubusercontent.com/chandlersimon/pokemon-ebay-images/main/individuals/20260821/011-03.jpg
PKM-20260821-011,Grass,Pokemon Secret Wonders Shuckle 109/132 2007,11,4,5,IMG_6005.HEIC,individuals/20260821/011-04.jpg,https://raw.githubusercontent.com/chandlersimon/pokemon-ebay-images/main/individuals/20260821/011-04.jpg
PKM-20260821-011,Grass,Pokemon Secret Wonders Shuckle 109/132 2007,11,5,5,IMG_6006.HEIC,individuals/20260821/011-05.jpg,https://raw.githubusercontent.com/chandlersimon/pokemon-ebay-images/main/individuals/20260821/011-05.jpg
PKM-20260821-012,Grass,Pokemon Secret Wonders Shuckle 109/132 2007,12,1,5,IMG_6007.HEIC,individuals/20260821/012-01.jpg,https://raw.githubusercontent.com/chandlersimon/pokemon-ebay-images/main/individuals/20260821/012-01.jpg
PKM-20260821-012,Grass,Pokemon Secret Wonders Shuckle 109/132 2007,12,2,5,IMG_6008.HEIC,individuals/20260821/012-02.jpg,https://raw.githubusercontent.com/chandlersimon/pokemon-ebay-images/main/individuals/20260821/012-02.jpg
PKM-20260821-012,Grass,Pokemon Secret Wonders Shuckle 109/132 2007,12,3,5,IMG_6009.HEIC,individuals/20260821/012-03.jpg,https://raw.githubusercontent.com/chandlersimon/pokemon-ebay-images/main/individuals/20260821/012-03.jpg
PKM-20260821-012,Grass,Pokemon Secret Wonders Shuckle 109/132 2007,12,4,5,IMG_6010.HEIC,individuals/20260821/012-04.jpg,https://raw.githubusercontent.com/chandlersimon/pokemon-ebay-images/main/individuals/20260821/012-04.jpg
PKM-20260821-012,Grass,Pokemon Secret Wonders Shuckle 109/132 2007,12,5,5,IMG_6011.HEIC,individuals/20260821/012-05.jpg,https://raw.githubusercontent.com/chandlersimon/pokemon-ebay-images/main/individuals/20260821/012-05.jpg
PKM-20260821-013,Grass,Pokemon EX Sandstorm Volbeat 53/100 2003,13,1,5,IMG_6012.HEIC,individuals/20260821/013-01.jpg,https://raw.githubusercontent.com/chandlersimon/pokemon-ebay-images/main/individuals/20260821/013-01.jpg
PKM-20260821-013,Grass,Pokemon EX Sandstorm Volbeat 53/100 2003,13,2,5,IMG_6013.HEIC,individuals/20260821/013-02.jpg,https://raw.githubusercontent.com/chandlersimon/pokemon-ebay-images/main/individuals/20260821/013-02.jpg
PKM-20260821-013,Grass,Pokemon EX Sandstorm Volbeat 53/100 2003,13,3,5,IMG_6014.HEIC,individuals/20260821/013-03.jpg,https://raw.githubusercontent.com/chandlersimon/pokemon-ebay-images/main/individuals/20260821/013-03.jpg
PKM-20260821-013,Grass,Pokemon EX Sandstorm Volbeat 53/100 2003,13,4,5,IMG_6015.HEIC,individuals/20260821/013-04.jpg,https://raw.githubusercontent.com/chandlersimon/pokemon-ebay-images/main/individuals/20260821/013-04.jpg
PKM-20260821-013,Grass,Pokemon EX Sandstorm Volbeat 53/100 2003,13,5,5,IMG_6016.HEIC,individuals/20260821/013-05.jpg,https://raw.githubusercontent.com/chandlersimon/pokemon-ebay-images/main/individuals/20260821/013-05.jpg
PKM-20260821-014,Grass,Pokemon FireRed LeafGreen Nidorina 40/112 EX 2004,14,1,5,IMG_6017.HEIC,individuals/20260821/014-01.jpg,https://raw.githubusercontent.com/chandlersimon/pokemon-ebay-images/main/individuals/20260821/014-01.jpg
PKM-20260821-014,Grass,Pokemon FireRed LeafGreen Nidorina 40/112 EX 2004,14,2,5,IMG_6018.HEIC,individuals/20260821/014-02.jpg,https://raw.githubusercontent.com/chandlersimon/pokemon-ebay-images/main/individuals/20260821/014-02.jpg
PKM-20260821-014,Grass,Pokemon FireRed LeafGreen Nidorina 40/112 EX 2004,14,3,5,IMG_6019.HEIC,individuals/20260821/014-03.jpg,https://raw.githubusercontent.com/chandlersimon/pokemon-ebay-images/main/individuals/20260821/014-03.jpg
PKM-20260821-014,Grass,Pokemon FireRed LeafGreen Nidorina 40/112 EX 2004,14,4,5,IMG_6020.HEIC,individuals/20260821/014-04.jpg,https://raw.githubusercontent.com/chandlersimon/pokemon-ebay-images/main/individuals/20260821/014-04.jpg
PKM-20260821-014,Grass,Pokemon FireRed LeafGreen Nidorina 40/112 EX 2004,14,5,5,IMG_6021.HEIC,individuals/20260821/014-05.jpg,https://raw.githubusercontent.com/chandlersimon/pokemon-ebay-images/main/individuals/20260821/014-05.jpg
PKM-20260821-015,Grass,Pokemon Ruby Sapphire Grovyle 32/109 EX 2003,15,1,5,IMG_6022.HEIC,individuals/20260821/015-01.jpg,https://raw.githubusercontent.com/chandlersimon/pokemon-ebay-images/main/individuals/20260821/015-01.jpg
PKM-20260821-015,Grass,Pokemon Ruby Sapphire Grovyle 32/109 EX 2003,15,2,5,IMG_6023.HEIC,individuals/20260821/015-02.jpg,https://raw.githubusercontent.com/chandlersimon/pokemon-ebay-images/main/individuals/20260821/015-02.jpg
PKM-20260821-015,Grass,Pokemon Ruby Sapphire Grovyle 32/109 EX 2003,15,3,5,IMG_6024.HEIC,individuals/20260821/015-03.jpg,https://raw.githubusercontent.com/chandlersimon/pokemon-ebay-images/main/individuals/20260821/015-03.jpg
PKM-20260821-015,Grass,Pokemon Ruby Sapphire Grovyle 32/109 EX 2003,15,4,5,IMG_6025.HEIC,individuals/20260821/015-04.jpg,https://raw.githubusercontent.com/chandlersimon/pokemon-ebay-images/main/individuals/20260821/015-04.jpg
PKM-20260821-015,Grass,Pokemon Ruby Sapphire Grovyle 32/109 EX 2003,15,5,5,IMG_6026.HEIC,individuals/20260821/015-05.jpg,https://raw.githubusercontent.com/chandlersimon/pokemon-ebay-images/main/individuals/20260821/015-05.jpg
PKM-20260821-016,Grass,Pokemon Expedition Koffing 114/165 WOTC E-Reader 2002,16,1,5,IMG_6027.HEIC,individuals/20260821/016-01.jpg,https://raw.githubusercontent.com/chandlersimon/pokemon-ebay-images/main/individuals/20260821/016-01.jpg
PKM-20260821-016,Grass,Pokemon Expedition Koffing 114/165 WOTC E-Reader 2002,16,2,5,IMG_6028.HEIC,individuals/20260821/016-02.jpg,https://raw.githubusercontent.com/chandlersimon/pokemon-ebay-images/main/individuals/20260821/016-02.jpg
PKM-20260821-016,Grass,Pokemon Expedition Koffing 114/165 WOTC E-Reader 2002,16,3,5,IMG_6029.HEIC,individuals/20260821/016-03.jpg,https://raw.githubusercontent.com/chandlersimon/pokemon-ebay-images/main/individuals/20260821/016-03.jpg
PKM-20260821-016,Grass,Pokemon Expedition Koffing 114/165 WOTC E-Reader 2002,16,4,5,IMG_6030.HEIC,individuals/20260821/016-04.jpg,https://raw.githubusercontent.com/chandlersimon/pokemon-ebay-images/main/individuals/20260821/016-04.jpg
PKM-20260821-016,Grass,Pokemon Expedition Koffing 114/165 WOTC E-Reader 2002,16,5,5,IMG_6031.HEIC,individuals/20260821/016-05.jpg,https://raw.githubusercontent.com/chandlersimon/pokemon-ebay-images/main/individuals/20260821/016-05.jpg
PKM-20260821-017,Grass,Pokemon EX Sandstorm Lileep 43/100 2003,17,1,5,IMG_6032.HEIC,individuals/20260821/017-01.jpg,https://raw.githubusercontent.com/chandlersimon/pokemon-ebay-images/main/individuals/20260821/017-01.jpg
PKM-20260821-017,Grass,Pokemon EX Sandstorm Lileep 43/100 2003,17,2,5,IMG_6033.HEIC,individuals/20260821/017-02.jpg,https://raw.githubusercontent.com/chandlersimon/pokemon-ebay-images/main/individuals/20260821/017-02.jpg
PKM-20260821-017,Grass,Pokemon EX Sandstorm Lileep 43/100 2003,17,3,5,IMG_6034.HEIC,individuals/20260821/017-03.jpg,https://raw.githubusercontent.com/chandlersimon/pokemon-ebay-images/main/individuals/20260821/017-03.jpg
PKM-20260821-017,Grass,Pokemon EX Sandstorm Lileep 43/100 2003,17,4,5,IMG_6035.HEIC,individuals/20260821/017-04.jpg,https://raw.githubusercontent.com/chandlersimon/pokemon-ebay-images/main/individuals/20260821/017-04.jpg
PKM-20260821-017,Grass,Pokemon EX Sandstorm Lileep 43/100 2003,17,5,5,IMG_6036.HEIC,individuals/20260821/017-05.jpg,https://raw.githubusercontent.com/chandlersimon/pokemon-ebay-images/main/individuals/20260821/017-05.jpg
PKM-20260821-018,Grass,Pokemon Gym Challenge Giovanni's Nidorina 44/132 WOTC 2000,18,1,5,IMG_6037.HEIC,individuals/20260821/018-01.jpg,https://raw.githubusercontent.com/chandlersimon/pokemon-ebay-images/main/individuals/20260821/018-01.jpg
PKM-20260821-018,Grass,Pokemon Gym Challenge Giovanni's Nidorina 44/132 WOTC 2000,18,2,5,IMG_6038.HEIC,individuals/20260821/018-02.jpg,https://raw.githubusercontent.com/chandlersimon/pokemon-ebay-images/main/individuals/20260821/018-02.jpg
PKM-20260821-018,Grass,Pokemon Gym Challenge Giovanni's Nidorina 44/132 WOTC 2000,18,3,5,IMG_6039.HEIC,individuals/20260821/018-03.jpg,https://raw.githubusercontent.com/chandlersimon/pokemon-ebay-images/main/individuals/20260821/018-03.jpg
PKM-20260821-018,Grass,Pokemon Gym Challenge Giovanni's Nidorina 44/132 WOTC 2000,18,4,5,IMG_6040.HEIC,individuals/20260821/018-04.jpg,https://raw.githubusercontent.com/chandlersimon/pokemon-ebay-images/main/individuals/20260821/018-04.jpg
PKM-20260821-018,Grass,Pokemon Gym Challenge Giovanni's Nidorina 44/132 WOTC 2000,18,5,5,IMG_6041.HEIC,individuals/20260821/018-05.jpg,https://raw.githubusercontent.com/chandlersimon/pokemon-ebay-images/main/individuals/20260821/018-05.jpg
PKM-20260821-019,Grass,Pokemon Expedition Gloom 78/165 WOTC E-Reader 2002,19,1,5,IMG_6042.HEIC,individuals/20260821/019-01.jpg,https://raw.githubusercontent.com/chandlersimon/pokemon-ebay-images/main/individuals/20260821/019-01.jpg
PKM-20260821-019,Grass,Pokemon Expedition Gloom 78/165 WOTC E-Reader 2002,19,2,5,IMG_6043.HEIC,individuals/20260821/019-02.jpg,https://raw.githubusercontent.com/chandlersimon/pokemon-ebay-images/main/individuals/20260821/019-02.jpg
PKM-20260821-019,Grass,Pokemon Expedition Gloom 78/165 WOTC E-Reader 2002,19,3,5,IMG_6044.HEIC,individuals/20260821/019-03.jpg,https://raw.githubusercontent.com/chandlersimon/pokemon-ebay-images/main/individuals/20260821/019-03.jpg
PKM-20260821-019,Grass,Pokemon Expedition Gloom 78/165 WOTC E-Reader 2002,19,4,5,IMG_6045.HEIC,individuals/20260821/019-04.jpg,https://raw.githubusercontent.com/chandlersimon/pokemon-ebay-images/main/individuals/20260821/019-04.jpg
PKM-20260821-019,Grass,Pokemon Expedition Gloom 78/165 WOTC E-Reader 2002,19,5,5,IMG_6046.HEIC,individuals/20260821/019-05.jpg,https://raw.githubusercontent.com/chandlersimon/pokemon-ebay-images/main/individuals/20260821/019-05.jpg
PKM-20260821-020,Grass,Pokemon Gym Challenge Giovanni's Nidorino 45/132 WOTC 2000,20,1,5,IMG_6047.HEIC,individuals/20260821/020-01.jpg,https://raw.githubusercontent.com/chandlersimon/pokemon-ebay-images/main/individuals/20260821/020-01.jpg
PKM-20260821-020,Grass,Pokemon Gym Challenge Giovanni's Nidorino 45/132 WOTC 2000,20,2,5,IMG_6048.HEIC,individuals/20260821/020-02.jpg,https://raw.githubusercontent.com/chandlersimon/pokemon-ebay-images/main/individuals/20260821/020-02.jpg
PKM-20260821-020,Grass,Pokemon Gym Challenge Giovanni's Nidorino 45/132 WOTC 2000,20,3,5,IMG_6049.HEIC,individuals/20260821/020-03.jpg,https://raw.githubusercontent.com/chandlersimon/pokemon-ebay-images/main/individuals/20260821/020-03.jpg
PKM-20260821-020,Grass,Pokemon Gym Challenge Giovanni's Nidorino 45/132 WOTC 2000,20,4,5,IMG_6050.HEIC,individuals/20260821/020-04.jpg,https://raw.githubusercontent.com/chandlersimon/pokemon-ebay-images/main/individuals/20260821/020-04.jpg
PKM-20260821-020,Grass,Pokemon Gym Challenge Giovanni's Nidorino 45/132 WOTC 2000,20,5,5,IMG_6051.HEIC,individuals/20260821/020-05.jpg,https://raw.githubusercontent.com/chandlersimon/pokemon-ebay-images/main/individuals/20260821/020-05.jpg
PKM-20260821-021,Grass,Pokemon Diamond Pearl Cherrim 45/130 2007,21,1,5,IMG_6052.HEIC,individuals/20260821/021-01.jpg,https://raw.githubusercontent.com/chandlersimon/pokemon-ebay-images/main/individuals/20260821/021-01.jpg
PKM-20260821-021,Grass,Pokemon Diamond Pearl Cherrim 45/130 2007,21,2,5,IMG_6053.HEIC,individuals/20260821/021-02.jpg,https://raw.githubusercontent.com/chandlersimon/pokemon-ebay-images/main/individuals/20260821/021-02.jpg
PKM-20260821-021,Grass,Pokemon Diamond Pearl Cherrim 45/130 2007,21,3,5,IMG_6054.HEIC,individuals/20260821/021-03.jpg,https://raw.githubusercontent.com/chandlersimon/pokemon-ebay-images/main/individuals/20260821/021-03.jpg
PKM-20260821-021,Grass,Pokemon Diamond Pearl Cherrim 45/130 2007,21,4,5,IMG_6055.HEIC,individuals/20260821/021-04.jpg,https://raw.githubusercontent.com/chandlersimon/pokemon-ebay-images/main/individuals/20260821/021-04.jpg
PKM-20260821-021,Grass,Pokemon Diamond Pearl Cherrim 45/130 2007,21,5,5,IMG_6056.HEIC,individuals/20260821/021-05.jpg,https://raw.githubusercontent.com/chandlersimon/pokemon-ebay-images/main/individuals/20260821/021-05.jpg
PKM-20260821-022,Grass,Pokemon Ruby Sapphire Cascoon 26/109 EX 2003,22,1,5,IMG_6057.HEIC,individuals/20260821/022-01.jpg,https://raw.githubusercontent.com/chandlersimon/pokemon-ebay-images/main/individuals/20260821/022-01.jpg
PKM-20260821-022,Grass,Pokemon Ruby Sapphire Cascoon 26/109 EX 2003,22,2,5,IMG_6058.HEIC,individuals/20260821/022-02.jpg,https://raw.githubusercontent.com/chandlersimon/pokemon-ebay-images/main/individuals/20260821/022-02.jpg
PKM-20260821-022,Grass,Pokemon Ruby Sapphire Cascoon 26/109 EX 2003,22,3,5,IMG_6059.HEIC,individuals/20260821/022-03.jpg,https://raw.githubusercontent.com/chandlersimon/pokemon-ebay-images/main/individuals/20260821/022-03.jpg
PKM-20260821-022,Grass,Pokemon Ruby Sapphire Cascoon 26/109 EX 2003,22,4,5,IMG_6060.HEIC,individuals/20260821/022-04.jpg,https://raw.githubusercontent.com/chandlersimon/pokemon-ebay-images/main/individuals/20260821/022-04.jpg
PKM-20260821-022,Grass,Pokemon Ruby Sapphire Cascoon 26/109 EX 2003,22,5,5,IMG_6061.HEIC,individuals/20260821/022-05.jpg,https://raw.githubusercontent.com/chandlersimon/pokemon-ebay-images/main/individuals/20260821/022-05.jpg
PKM-20260821-023,Grass,Pokemon Expedition Oddish 122/165 WOTC E-Reader 2002,23,1,5,IMG_6062.HEIC,individuals/20260821/023-01.jpg,https://raw.githubusercontent.com/chandlersimon/pokemon-ebay-images/main/individuals/20260821/023-01.jpg
PKM-20260821-023,Grass,Pokemon Expedition Oddish 122/165 WOTC E-Reader 2002,23,2,5,IMG_6063.HEIC,individuals/20260821/023-02.jpg,https://raw.githubusercontent.com/chandlersimon/pokemon-ebay-images/main/individuals/20260821/023-02.jpg
PKM-20260821-023,Grass,Pokemon Expedition Oddish 122/165 WOTC E-Reader 2002,23,3,5,IMG_6064.HEIC,individuals/20260821/023-03.jpg,https://raw.githubusercontent.com/chandlersimon/pokemon-ebay-images/main/individuals/20260821/023-03.jpg
PKM-20260821-023,Grass,Pokemon Expedition Oddish 122/165 WOTC E-Reader 2002,23,4,5,IMG_6065.HEIC,individuals/20260821/023-04.jpg,https://raw.githubusercontent.com/chandlersimon/pokemon-ebay-images/main/individuals/20260821/023-04.jpg
PKM-20260821-023,Grass,Pokemon Expedition Oddish 122/165 WOTC E-Reader 2002,23,5,5,IMG_6066.HEIC,individuals/20260821/023-05.jpg,https://raw.githubusercontent.com/chandlersimon/pokemon-ebay-images/main/individuals/20260821/023-05.jpg
PKM-20260821-024,Grass,Pokemon Gym Challenge Koga's Kakuna 47/132 WOTC 2000,24,1,5,IMG_6067.HEIC,individuals/20260821/024-01.jpg,https://raw.githubusercontent.com/chandlersimon/pokemon-ebay-images/main/individuals/20260821/024-01.jpg
PKM-20260821-024,Grass,Pokemon Gym Challenge Koga's Kakuna 47/132 WOTC 2000,24,2,5,IMG_6068.HEIC,individuals/20260821/024-02.jpg,https://raw.githubusercontent.com/chandlersimon/pokemon-ebay-images/main/individuals/20260821/024-02.jpg
PKM-20260821-024,Grass,Pokemon Gym Challenge Koga's Kakuna 47/132 WOTC 2000,24,3,5,IMG_6069.HEIC,individuals/20260821/024-03.jpg,https://raw.githubusercontent.com/chandlersimon/pokemon-ebay-images/main/individuals/20260821/024-03.jpg
PKM-20260821-024,Grass,Pokemon Gym Challenge Koga's Kakuna 47/132 WOTC 2000,24,4,5,IMG_6070.HEIC,individuals/20260821/024-04.jpg,https://raw.githubusercontent.com/chandlersimon/pokemon-ebay-images/main/individuals/20260821/024-04.jpg
PKM-20260821-024,Grass,Pokemon Gym Challenge Koga's Kakuna 47/132 WOTC 2000,24,5,5,IMG_6071.HEIC,individuals/20260821/024-05.jpg,https://raw.githubusercontent.com/chandlersimon/pokemon-ebay-images/main/individuals/20260821/024-05.jpg
PKM-20260821-025,Grass,Pokemon EX Deoxys Golbat 31/107 2005,25,1,5,IMG_6072.HEIC,individuals/20260821/025-01.jpg,https://raw.githubusercontent.com/chandlersimon/pokemon-ebay-images/main/individuals/20260821/025-01.jpg
PKM-20260821-025,Grass,Pokemon EX Deoxys Golbat 31/107 2005,25,2,5,IMG_6073.HEIC,individuals/20260821/025-02.jpg,https://raw.githubusercontent.com/chandlersimon/pokemon-ebay-images/main/individuals/20260821/025-02.jpg
PKM-20260821-025,Grass,Pokemon EX Deoxys Golbat 31/107 2005,25,3,5,IMG_6074.HEIC,individuals/20260821/025-03.jpg,https://raw.githubusercontent.com/chandlersimon/pokemon-ebay-images/main/individuals/20260821/025-03.jpg
PKM-20260821-025,Grass,Pokemon EX Deoxys Golbat 31/107 2005,25,4,5,IMG_6075.HEIC,individuals/20260821/025-04.jpg,https://raw.githubusercontent.com/chandlersimon/pokemon-ebay-images/main/individuals/20260821/025-04.jpg
PKM-20260821-025,Grass,Pokemon EX Deoxys Golbat 31/107 2005,25,5,5,IMG_6076.HEIC,individuals/20260821/025-05.jpg,https://raw.githubusercontent.com/chandlersimon/pokemon-ebay-images/main/individuals/20260821/025-05.jpg
PKM-20260821-026,Grass,Pokemon Neo Discovery Caterpie 53/75 WOTC 2001,26,1,5,IMG_6077.HEIC,individuals/20260821/026-01.jpg,https://raw.githubusercontent.com/chandlersimon/pokemon-ebay-images/main/individuals/20260821/026-01.jpg
PKM-20260821-026,Grass,Pokemon Neo Discovery Caterpie 53/75 WOTC 2001,26,2,5,IMG_6078.HEIC,individuals/20260821/026-02.jpg,https://raw.githubusercontent.com/chandlersimon/pokemon-ebay-images/main/individuals/20260821/026-02.jpg
PKM-20260821-026,Grass,Pokemon Neo Discovery Caterpie 53/75 WOTC 2001,26,3,5,IMG_6079.HEIC,individuals/20260821/026-03.jpg,https://raw.githubusercontent.com/chandlersimon/pokemon-ebay-images/main/individuals/20260821/026-03.jpg
PKM-20260821-026,Grass,Pokemon Neo Discovery Caterpie 53/75 WOTC 2001,26,4,5,IMG_6080.HEIC,individuals/20260821/026-04.jpg,https://raw.githubusercontent.com/chandlersimon/pokemon-ebay-images/main/individuals/20260821/026-04.jpg
PKM-20260821-026,Grass,Pokemon Neo Discovery Caterpie 53/75 WOTC 2001,26,5,5,IMG_6081.HEIC,individuals/20260821/026-05.jpg,https://raw.githubusercontent.com/chandlersimon/pokemon-ebay-images/main/individuals/20260821/026-05.jpg
PKM-20260821-027,Grass,Pokemon Diamond Pearl Cherrim 45/130 2007,27,1,5,IMG_6082.HEIC,individuals/20260821/027-01.jpg,https://raw.githubusercontent.com/chandlersimon/pokemon-ebay-images/main/individuals/20260821/027-01.jpg
PKM-20260821-027,Grass,Pokemon Diamond Pearl Cherrim 45/130 2007,27,2,5,IMG_6083.HEIC,individuals/20260821/027-02.jpg,https://raw.githubusercontent.com/chandlersimon/pokemon-ebay-images/main/individuals/20260821/027-02.jpg
PKM-20260821-027,Grass,Pokemon Diamond Pearl Cherrim 45/130 2007,27,3,5,IMG_6084.HEIC,individuals/20260821/027-03.jpg,https://raw.githubusercontent.com/chandlersimon/pokemon-ebay-images/main/individuals/20260821/027-03.jpg
PKM-20260821-027,Grass,Pokemon Diamond Pearl Cherrim 45/130 2007,27,4,5,IMG_6085.HEIC,individuals/20260821/027-04.jpg,https://raw.githubusercontent.com/chandlersimon/pokemon-ebay-images/main/individuals/20260821/027-04.jpg
PKM-20260821-027,Grass,Pokemon Diamond Pearl Cherrim 45/130 2007,27,5,5,IMG_6086.HEIC,individuals/20260821/027-05.jpg,https://raw.githubusercontent.com/chandlersimon/pokemon-ebay-images/main/individuals/20260821/027-05.jpg
PKM-20260821-028,Grass,Pokemon EX Sandstorm Illumise 38/100 2003,28,1,5,IMG_6087.HEIC,individuals/20260821/028-01.jpg,https://raw.githubusercontent.com/chandlersimon/pokemon-ebay-images/main/individuals/20260821/028-01.jpg
PKM-20260821-028,Grass,Pokemon EX Sandstorm Illumise 38/100 2003,28,2,5,IMG_6088.HEIC,individuals/20260821/028-02.jpg,https://raw.githubusercontent.com/chandlersimon/pokemon-ebay-images/main/individuals/20260821/028-02.jpg
PKM-20260821-028,Grass,Pokemon EX Sandstorm Illumise 38/100 2003,28,3,5,IMG_6089.HEIC,individuals/20260821/028-03.jpg,https://raw.githubusercontent.com/chandlersimon/pokemon-ebay-images/main/individuals/20260821/028-03.jpg
PKM-20260821-028,Grass,Pokemon EX Sandstorm Illumise 38/100 2003,28,4,5,IMG_6090.HEIC,individuals/20260821/028-04.jpg,https://raw.githubusercontent.com/chandlersimon/pokemon-ebay-images/main/individuals/20260821/028-04.jpg
PKM-20260821-028,Grass,Pokemon EX Sandstorm Illumise 38/100 2003,28,5,5,IMG_6091.HEIC,individuals/20260821/028-05.jpg,https://raw.githubusercontent.com/chandlersimon/pokemon-ebay-images/main/individuals/20260821/028-05.jpg
PKM-20260821-029,Grass,Pokemon Base Set Caterpie 45/102 1999-2000 Print WOTC,29,1,5,IMG_6092.HEIC,individuals/20260821/029-01.jpg,https://raw.githubusercontent.com/chandlersimon/pokemon-ebay-images/main/individuals/20260821/029-01.jpg
PKM-20260821-029,Grass,Pokemon Base Set Caterpie 45/102 1999-2000 Print WOTC,29,2,5,IMG_6093.HEIC,individuals/20260821/029-02.jpg,https://raw.githubusercontent.com/chandlersimon/pokemon-ebay-images/main/individuals/20260821/029-02.jpg
PKM-20260821-029,Grass,Pokemon Base Set Caterpie 45/102 1999-2000 Print WOTC,29,3,5,IMG_6094.HEIC,individuals/20260821/029-03.jpg,https://raw.githubusercontent.com/chandlersimon/pokemon-ebay-images/main/individuals/20260821/029-03.jpg
PKM-20260821-029,Grass,Pokemon Base Set Caterpie 45/102 1999-2000 Print WOTC,29,4,5,IMG_6095.HEIC,individuals/20260821/029-04.jpg,https://raw.githubusercontent.com/chandlersimon/pokemon-ebay-images/main/individuals/20260821/029-04.jpg
PKM-20260821-029,Grass,Pokemon Base Set Caterpie 45/102 1999-2000 Print WOTC,29,5,5,IMG_6096.HEIC,individuals/20260821/029-05.jpg,https://raw.githubusercontent.com/chandlersimon/pokemon-ebay-images/main/individuals/20260821/029-05.jpg
PKM-20260821-030,Grass,Pokemon EX Dragon Grimer 57/97 2003,30,1,5,IMG_6097.HEIC,individuals/20260821/030-01.jpg,https://raw.githubusercontent.com/chandlersimon/pokemon-ebay-images/main/individuals/20260821/030-01.jpg
PKM-20260821-030,Grass,Pokemon EX Dragon Grimer 57/97 2003,30,2,5,IMG_6098.HEIC,individuals/20260821/030-02.jpg,https://raw.githubusercontent.com/chandlersimon/pokemon-ebay-images/main/individuals/20260821/030-02.jpg
PKM-20260821-030,Grass,Pokemon EX Dragon Grimer 57/97 2003,30,3,5,IMG_6099.HEIC,individuals/20260821/030-03.jpg,https://raw.githubusercontent.com/chandlersimon/pokemon-ebay-images/main/individuals/20260821/030-03.jpg
PKM-20260821-030,Grass,Pokemon EX Dragon Grimer 57/97 2003,30,4,5,IMG_6100.HEIC,individuals/20260821/030-04.jpg,https://raw.githubusercontent.com/chandlersimon/pokemon-ebay-images/main/individuals/20260821/030-04.jpg
PKM-20260821-030,Grass,Pokemon EX Dragon Grimer 57/97 2003,30,5,5,IMG_6101.HEIC,individuals/20260821/030-05.jpg,https://raw.githubusercontent.com/chandlersimon/pokemon-ebay-images/main/individuals/20260821/030-05.jpg
PKM-20260821-031,Grass,Pokemon FireRed LeafGreen Bulbasaur 55/112 EX 2004,31,1,5,IMG_6102.HEIC,individuals/20260821/031-01.jpg,https://raw.githubusercontent.com/chandlersimon/pokemon-ebay-images/main/individuals/20260821/031-01.jpg
PKM-20260821-031,Grass,Pokemon FireRed LeafGreen Bulbasaur 55/112 EX 2004,31,2,5,IMG_6103.HEIC,individuals/20260821/031-02.jpg,https://raw.githubusercontent.com/chandlersimon/pokemon-ebay-images/main/individuals/20260821/031-02.jpg
PKM-20260821-031,Grass,Pokemon FireRed LeafGreen Bulbasaur 55/112 EX 2004,31,3,5,IMG_6104.HEIC,individuals/20260821/031-03.jpg,https://raw.githubusercontent.com/chandlersimon/pokemon-ebay-images/main/individuals/20260821/031-03.jpg
PKM-20260821-031,Grass,Pokemon FireRed LeafGreen Bulbasaur 55/112 EX 2004,31,4,5,IMG_6105.HEIC,individuals/20260821/031-04.jpg,https://raw.githubusercontent.com/chandlersimon/pokemon-ebay-images/main/individuals/20260821/031-04.jpg
PKM-20260821-031,Grass,Pokemon FireRed LeafGreen Bulbasaur 55/112 EX 2004,31,5,5,IMG_6106.HEIC,individuals/20260821/031-05.jpg,https://raw.githubusercontent.com/chandlersimon/pokemon-ebay-images/main/individuals/20260821/031-05.jpg
PKM-20260821-032,Grass,Pokemon Mysterious Treasures Paras Reverse Holo 92/123 2007,32,1,5,IMG_6107.HEIC,individuals/20260821/032-01.jpg,https://raw.githubusercontent.com/chandlersimon/pokemon-ebay-images/main/individuals/20260821/032-01.jpg
PKM-20260821-032,Grass,Pokemon Mysterious Treasures Paras Reverse Holo 92/123 2007,32,2,5,IMG_6108.HEIC,individuals/20260821/032-02.jpg,https://raw.githubusercontent.com/chandlersimon/pokemon-ebay-images/main/individuals/20260821/032-02.jpg
PKM-20260821-032,Grass,Pokemon Mysterious Treasures Paras Reverse Holo 92/123 2007,32,3,5,IMG_6109.HEIC,individuals/20260821/032-03.jpg,https://raw.githubusercontent.com/chandlersimon/pokemon-ebay-images/main/individuals/20260821/032-03.jpg
PKM-20260821-032,Grass,Pokemon Mysterious Treasures Paras Reverse Holo 92/123 2007,32,4,5,IMG_6110.HEIC,individuals/20260821/032-04.jpg,https://raw.githubusercontent.com/chandlersimon/pokemon-ebay-images/main/individuals/20260821/032-04.jpg
PKM-20260821-032,Grass,Pokemon Mysterious Treasures Paras Reverse Holo 92/123 2007,32,5,5,IMG_6111.HEIC,individuals/20260821/032-05.jpg,https://raw.githubusercontent.com/chandlersimon/pokemon-ebay-images/main/individuals/20260821/032-05.jpg
PKM-20260821-033,Grass,Pokemon Base Set Kakuna 33/102 WOTC 1999,33,1,5,IMG_6112.HEIC,individuals/20260821/033-01.jpg,https://raw.githubusercontent.com/chandlersimon/pokemon-ebay-images/main/individuals/20260821/033-01.jpg
PKM-20260821-033,Grass,Pokemon Base Set Kakuna 33/102 WOTC 1999,33,2,5,IMG_6113.HEIC,individuals/20260821/033-02.jpg,https://raw.githubusercontent.com/chandlersimon/pokemon-ebay-images/main/individuals/20260821/033-02.jpg
PKM-20260821-033,Grass,Pokemon Base Set Kakuna 33/102 WOTC 1999,33,3,5,IMG_6114.HEIC,individuals/20260821/033-03.jpg,https://raw.githubusercontent.com/chandlersimon/pokemon-ebay-images/main/individuals/20260821/033-03.jpg
PKM-20260821-033,Grass,Pokemon Base Set Kakuna 33/102 WOTC 1999,33,4,5,IMG_6115.HEIC,individuals/20260821/033-04.jpg,https://raw.githubusercontent.com/chandlersimon/pokemon-ebay-images/main/individuals/20260821/033-04.jpg
PKM-20260821-033,Grass,Pokemon Base Set Kakuna 33/102 WOTC 1999,33,5,5,IMG_6116.HEIC,individuals/20260821/033-05.jpg,https://raw.githubusercontent.com/chandlersimon/pokemon-ebay-images/main/individuals/20260821/033-05.jpg
PKM-20260821-034,Dark,Pokemon EX Sandstorm Murkrow 47/100 2003,34,1,5,IMG_6117.HEIC,individuals/20260821/034-01.jpg,https://raw.githubusercontent.com/chandlersimon/pokemon-ebay-images/main/individuals/20260821/034-01.jpg
PKM-20260821-034,Dark,Pokemon EX Sandstorm Murkrow 47/100 2003,34,2,5,IMG_6118.HEIC,individuals/20260821/034-02.jpg,https://raw.githubusercontent.com/chandlersimon/pokemon-ebay-images/main/individuals/20260821/034-02.jpg
PKM-20260821-034,Dark,Pokemon EX Sandstorm Murkrow 47/100 2003,34,3,5,IMG_6119.HEIC,individuals/20260821/034-03.jpg,https://raw.githubusercontent.com/chandlersimon/pokemon-ebay-images/main/individuals/20260821/034-03.jpg
PKM-20260821-034,Dark,Pokemon EX Sandstorm Murkrow 47/100 2003,34,4,5,IMG_6120.HEIC,individuals/20260821/034-04.jpg,https://raw.githubusercontent.com/chandlersimon/pokemon-ebay-images/main/individuals/20260821/034-04.jpg
PKM-20260821-034,Dark,Pokemon EX Sandstorm Murkrow 47/100 2003,34,5,5,IMG_6121.HEIC,individuals/20260821/034-05.jpg,https://raw.githubusercontent.com/chandlersimon/pokemon-ebay-images/main/individuals/20260821/034-05.jpg
PKM-20260821-035,Dark,Pokemon Neo Discovery Houndour 39/75 WOTC 2001,35,1,5,IMG_6122.HEIC,individuals/20260821/035-01.jpg,https://raw.githubusercontent.com/chandlersimon/pokemon-ebay-images/main/individuals/20260821/035-01.jpg
PKM-20260821-035,Dark,Pokemon Neo Discovery Houndour 39/75 WOTC 2001,35,2,5,IMG_6123.HEIC,individuals/20260821/035-02.jpg,https://raw.githubusercontent.com/chandlersimon/pokemon-ebay-images/main/individuals/20260821/035-02.jpg
PKM-20260821-035,Dark,Pokemon Neo Discovery Houndour 39/75 WOTC 2001,35,3,5,IMG_6124.HEIC,individuals/20260821/035-03.jpg,https://raw.githubusercontent.com/chandlersimon/pokemon-ebay-images/main/individuals/20260821/035-03.jpg
PKM-20260821-035,Dark,Pokemon Neo Discovery Houndour 39/75 WOTC 2001,35,4,5,IMG_6125.HEIC,individuals/20260821/035-04.jpg,https://raw.githubusercontent.com/chandlersimon/pokemon-ebay-images/main/individuals/20260821/035-04.jpg
PKM-20260821-035,Dark,Pokemon Neo Discovery Houndour 39/75 WOTC 2001,35,5,5,IMG_6126.HEIC,individuals/20260821/035-05.jpg,https://raw.githubusercontent.com/chandlersimon/pokemon-ebay-images/main/individuals/20260821/035-05.jpg
PKM-20260821-036,Dark,Pokemon Aquapolis Sneasel 110/147 WOTC E-Reader 2003,36,1,5,IMG_6127.HEIC,individuals/20260821/036-01.jpg,https://raw.githubusercontent.com/chandlersimon/pokemon-ebay-images/main/individuals/20260821/036-01.jpg
PKM-20260821-036,Dark,Pokemon Aquapolis Sneasel 110/147 WOTC E-Reader 2003,36,2,5,IMG_6128.HEIC,individuals/20260821/036-02.jpg,https://raw.githubusercontent.com/chandlersimon/pokemon-ebay-images/main/individuals/20260821/036-02.jpg
PKM-20260821-036,Dark,Pokemon Aquapolis Sneasel 110/147 WOTC E-Reader 2003,36,3,5,IMG_6129.HEIC,individuals/20260821/036-03.jpg,https://raw.githubusercontent.com/chandlersimon/pokemon-ebay-images/main/individuals/20260821/036-03.jpg
PKM-20260821-036,Dark,Pokemon Aquapolis Sneasel 110/147 WOTC E-Reader 2003,36,4,5,IMG_6130.HEIC,individuals/20260821/036-04.jpg,https://raw.githubusercontent.com/chandlersimon/pokemon-ebay-images/main/individuals/20260821/036-04.jpg
PKM-20260821-036,Dark,Pokemon Aquapolis Sneasel 110/147 WOTC E-Reader 2003,36,5,5,IMG_6131.HEIC,individuals/20260821/036-05.jpg,https://raw.githubusercontent.com/chandlersimon/pokemon-ebay-images/main/individuals/20260821/036-05.jpg
PKM-20260821-037,Dark,Pokemon EX Unseen Forces Murkrow 30/115 2005,37,1,5,IMG_6132.HEIC,individuals/20260821/037-01.jpg,https://raw.githubusercontent.com/chandlersimon/pokemon-ebay-images/main/individuals/20260821/037-01.jpg
PKM-20260821-037,Dark,Pokemon EX Unseen Forces Murkrow 30/115 2005,37,2,5,IMG_6133.HEIC,individuals/20260821/037-02.jpg,https://raw.githubusercontent.com/chandlersimon/pokemon-ebay-images/main/individuals/20260821/037-02.jpg
PKM-20260821-037,Dark,Pokemon EX Unseen Forces Murkrow 30/115 2005,37,3,5,IMG_6134.HEIC,individuals/20260821/037-03.jpg,https://raw.githubusercontent.com/chandlersimon/pokemon-ebay-images/main/individuals/20260821/037-03.jpg
PKM-20260821-037,Dark,Pokemon EX Unseen Forces Murkrow 30/115 2005,37,4,5,IMG_6135.HEIC,individuals/20260821/037-04.jpg,https://raw.githubusercontent.com/chandlersimon/pokemon-ebay-images/main/individuals/20260821/037-04.jpg
PKM-20260821-037,Dark,Pokemon EX Unseen Forces Murkrow 30/115 2005,37,5,5,IMG_6136.HEIC,individuals/20260821/037-05.jpg,https://raw.githubusercontent.com/chandlersimon/pokemon-ebay-images/main/individuals/20260821/037-05.jpg
PKM-20260821-038,Metal,Pokemon Dragon Frontiers Nidorina Delta Species 34/101 2006,38,1,5,IMG_6137.HEIC,individuals/20260821/038-01.jpg,https://raw.githubusercontent.com/chandlersimon/pokemon-ebay-images/main/individuals/20260821/038-01.jpg
PKM-20260821-038,Metal,Pokemon Dragon Frontiers Nidorina Delta Species 34/101 2006,38,2,5,IMG_6138.HEIC,individuals/20260821/038-02.jpg,https://raw.githubusercontent.com/chandlersimon/pokemon-ebay-images/main/individuals/20260821/038-02.jpg
PKM-20260821-038,Metal,Pokemon Dragon Frontiers Nidorina Delta Species 34/101 2006,38,3,5,IMG_6139.HEIC,individuals/20260821/038-03.jpg,https://raw.githubusercontent.com/chandlersimon/pokemon-ebay-images/main/individuals/20260821/038-03.jpg
PKM-20260821-038,Metal,Pokemon Dragon Frontiers Nidorina Delta Species 34/101 2006,38,4,5,IMG_6140.HEIC,individuals/20260821/038-04.jpg,https://raw.githubusercontent.com/chandlersimon/pokemon-ebay-images/main/individuals/20260821/038-04.jpg
PKM-20260821-038,Metal,Pokemon Dragon Frontiers Nidorina Delta Species 34/101 2006,38,5,5,IMG_6141.HEIC,individuals/20260821/038-05.jpg,https://raw.githubusercontent.com/chandlersimon/pokemon-ebay-images/main/individuals/20260821/038-05.jpg
PKM-20260821-039,Metal,Pokemon Ruby Sapphire Lairon 36/109 EX 2003,39,1,5,IMG_6142.HEIC,individuals/20260821/039-01.jpg,https://raw.githubusercontent.com/chandlersimon/pokemon-ebay-images/main/individuals/20260821/039-01.jpg
PKM-20260821-039,Metal,Pokemon Ruby Sapphire Lairon 36/109 EX 2003,39,2,5,IMG_6143.HEIC,individuals/20260821/039-02.jpg,https://raw.githubusercontent.com/chandlersimon/pokemon-ebay-images/main/individuals/20260821/039-02.jpg
PKM-20260821-039,Metal,Pokemon Ruby Sapphire Lairon 36/109 EX 2003,39,3,5,IMG_6144.HEIC,individuals/20260821/039-03.jpg,https://raw.githubusercontent.com/chandlersimon/pokemon-ebay-images/main/individuals/20260821/039-03.jpg
PKM-20260821-039,Metal,Pokemon Ruby Sapphire Lairon 36/109 EX 2003,39,4,5,IMG_6145.HEIC,individuals/20260821/039-04.jpg,https://raw.githubusercontent.com/chandlersimon/pokemon-ebay-images/main/individuals/20260821/039-04.jpg
PKM-20260821-039,Metal,Pokemon Ruby Sapphire Lairon 36/109 EX 2003,39,5,5,IMG_6146.HEIC,individuals/20260821/039-05.jpg,https://raw.githubusercontent.com/chandlersimon/pokemon-ebay-images/main/individuals/20260821/039-05.jpg
PKM-20260821-040,Metal,Pokemon EX Dragon Skarmory 21/97 2003,40,1,5,IMG_6147.HEIC,individuals/20260821/040-01.jpg,https://raw.githubusercontent.com/chandlersimon/pokemon-ebay-images/main/individuals/20260821/040-01.jpg
PKM-20260821-040,Metal,Pokemon EX Dragon Skarmory 21/97 2003,40,2,5,IMG_6148.HEIC,individuals/20260821/040-02.jpg,https://raw.githubusercontent.com/chandlersimon/pokemon-ebay-images/main/individuals/20260821/040-02.jpg
PKM-20260821-040,Metal,Pokemon EX Dragon Skarmory 21/97 2003,40,3,5,IMG_6149.HEIC,individuals/20260821/040-03.jpg,https://raw.githubusercontent.com/chandlersimon/pokemon-ebay-images/main/individuals/20260821/040-03.jpg
PKM-20260821-040,Metal,Pokemon EX Dragon Skarmory 21/97 2003,40,4,5,IMG_6150.HEIC,individuals/20260821/040-04.jpg,https://raw.githubusercontent.com/chandlersimon/pokemon-ebay-images/main/individuals/20260821/040-04.jpg
PKM-20260821-040,Metal,Pokemon EX Dragon Skarmory 21/97 2003,40,5,5,IMG_6151.HEIC,individuals/20260821/040-05.jpg,https://raw.githubusercontent.com/chandlersimon/pokemon-ebay-images/main/individuals/20260821/040-05.jpg
PKM-20260821-041,Metal,Pokemon Great Encounters Dialga 16/106 2008,41,1,5,IMG_6152.HEIC,individuals/20260821/041-01.jpg,https://raw.githubusercontent.com/chandlersimon/pokemon-ebay-images/main/individuals/20260821/041-01.jpg
PKM-20260821-041,Metal,Pokemon Great Encounters Dialga 16/106 2008,41,2,5,IMG_6153.HEIC,individuals/20260821/041-02.jpg,https://raw.githubusercontent.com/chandlersimon/pokemon-ebay-images/main/individuals/20260821/041-02.jpg
PKM-20260821-041,Metal,Pokemon Great Encounters Dialga 16/106 2008,41,3,5,IMG_6154.HEIC,individuals/20260821/041-03.jpg,https://raw.githubusercontent.com/chandlersimon/pokemon-ebay-images/main/individuals/20260821/041-03.jpg
PKM-20260821-041,Metal,Pokemon Great Encounters Dialga 16/106 2008,41,4,5,IMG_6155.HEIC,individuals/20260821/041-04.jpg,https://raw.githubusercontent.com/chandlersimon/pokemon-ebay-images/main/individuals/20260821/041-04.jpg
PKM-20260821-041,Metal,Pokemon Great Encounters Dialga 16/106 2008,41,5,5,IMG_6156.HEIC,individuals/20260821/041-05.jpg,https://raw.githubusercontent.com/chandlersimon/pokemon-ebay-images/main/individuals/20260821/041-05.jpg
PKM-20260821-042,Electric,Pokemon Neo Genesis Lanturn 38/111 1st Edition WOTC 2000,42,1,5,IMG_6157.HEIC,individuals/20260821/042-01.jpg,https://raw.githubusercontent.com/chandlersimon/pokemon-ebay-images/main/individuals/20260821/042-01.jpg
PKM-20260821-042,Electric,Pokemon Neo Genesis Lanturn 38/111 1st Edition WOTC 2000,42,2,5,IMG_6158.HEIC,individuals/20260821/042-02.jpg,https://raw.githubusercontent.com/chandlersimon/pokemon-ebay-images/main/individuals/20260821/042-02.jpg
PKM-20260821-042,Electric,Pokemon Neo Genesis Lanturn 38/111 1st Edition WOTC 2000,42,3,5,IMG_6159.HEIC,individuals/20260821/042-03.jpg,https://raw.githubusercontent.com/chandlersimon/pokemon-ebay-images/main/individuals/20260821/042-03.jpg
PKM-20260821-042,Electric,Pokemon Neo Genesis Lanturn 38/111 1st Edition WOTC 2000,42,4,5,IMG_6160.HEIC,individuals/20260821/042-04.jpg,https://raw.githubusercontent.com/chandlersimon/pokemon-ebay-images/main/individuals/20260821/042-04.jpg
PKM-20260821-042,Electric,Pokemon Neo Genesis Lanturn 38/111 1st Edition WOTC 2000,42,5,5,IMG_6161.HEIC,individuals/20260821/042-05.jpg,https://raw.githubusercontent.com/chandlersimon/pokemon-ebay-images/main/individuals/20260821/042-05.jpg
PKM-20260821-043,Electric,Pokemon Expedition Electabuzz 76/165 WOTC E-Reader 2002,43,1,5,IMG_6162.HEIC,individuals/20260821/043-01.jpg,https://raw.githubusercontent.com/chandlersimon/pokemon-ebay-images/main/individuals/20260821/043-01.jpg
PKM-20260821-043,Electric,Pokemon Expedition Electabuzz 76/165 WOTC E-Reader 2002,43,2,5,IMG_6163.HEIC,individuals/20260821/043-02.jpg,https://raw.githubusercontent.com/chandlersimon/pokemon-ebay-images/main/individuals/20260821/043-02.jpg
PKM-20260821-043,Electric,Pokemon Expedition Electabuzz 76/165 WOTC E-Reader 2002,43,3,5,IMG_6164.HEIC,individuals/20260821/043-03.jpg,https://raw.githubusercontent.com/chandlersimon/pokemon-ebay-images/main/individuals/20260821/043-03.jpg
PKM-20260821-043,Electric,Pokemon Expedition Electabuzz 76/165 WOTC E-Reader 2002,43,4,5,IMG_6165.HEIC,individuals/20260821/043-04.jpg,https://raw.githubusercontent.com/chandlersimon/pokemon-ebay-images/main/individuals/20260821/043-04.jpg
PKM-20260821-043,Electric,Pokemon Expedition Electabuzz 76/165 WOTC E-Reader 2002,43,5,5,IMG_6166.HEIC,individuals/20260821/043-05.jpg,https://raw.githubusercontent.com/chandlersimon/pokemon-ebay-images/main/individuals/20260821/043-05.jpg
PKM-20260821-044,Psychic,Pokemon EX Power Keepers Gardevoir 9/108 Non Holo 2007,44,1,5,IMG_6173.HEIC,individuals/20260821/044-01.jpg,https://raw.githubusercontent.com/chandlersimon/pokemon-ebay-images/main/individuals/20260821/044-01.jpg
PKM-20260821-044,Psychic,Pokemon EX Power Keepers Gardevoir 9/108 Non Holo 2007,44,2,5,IMG_6174.HEIC,individuals/20260821/044-02.jpg,https://raw.githubusercontent.com/chandlersimon/pokemon-ebay-images/main/individuals/20260821/044-02.jpg
PKM-20260821-044,Psychic,Pokemon EX Power Keepers Gardevoir 9/108 Non Holo 2007,44,3,5,IMG_6175.HEIC,individuals/20260821/044-03.jpg,https://raw.githubusercontent.com/chandlersimon/pokemon-ebay-images/main/individuals/20260821/044-03.jpg
PKM-20260821-044,Psychic,Pokemon EX Power Keepers Gardevoir 9/108 Non Holo 2007,44,4,5,IMG_6176.HEIC,individuals/20260821/044-04.jpg,https://raw.githubusercontent.com/chandlersimon/pokemon-ebay-images/main/individuals/20260821/044-04.jpg
PKM-20260821-044,Psychic,Pokemon EX Power Keepers Gardevoir 9/108 Non Holo 2007,44,5,5,IMG_6177.HEIC,individuals/20260821/044-05.jpg,https://raw.githubusercontent.com/chandlersimon/pokemon-ebay-images/main/individuals/20260821/044-05.jpg
PKM-20260821-045,Psychic,Pokemon 2009 World Championships Mewtwo 9/100 David Cohen Stallgon,45,1,5,IMG_6178.HEIC,individuals/20260821/045-01.jpg,https://raw.githubusercontent.com/chandlersimon/pokemon-ebay-images/main/individuals/20260821/045-01.jpg
PKM-20260821-045,Psychic,Pokemon 2009 World Championships Mewtwo 9/100 David Cohen Stallgon,45,2,5,IMG_6179.HEIC,individuals/20260821/045-02.jpg,https://raw.githubusercontent.com/chandlersimon/pokemon-ebay-images/main/individuals/20260821/045-02.jpg
PKM-20260821-045,Psychic,Pokemon 2009 World Championships Mewtwo 9/100 David Cohen Stallgon,45,3,5,IMG_6180.HEIC,individuals/20260821/045-03.jpg,https://raw.githubusercontent.com/chandlersimon/pokemon-ebay-images/main/individuals/20260821/045-03.jpg
PKM-20260821-045,Psychic,Pokemon 2009 World Championships Mewtwo 9/100 David Cohen Stallgon,45,4,5,IMG_6181.HEIC,individuals/20260821/045-04.jpg,https://raw.githubusercontent.com/chandlersimon/pokemon-ebay-images/main/individuals/20260821/045-04.jpg
PKM-20260821-045,Psychic,Pokemon 2009 World Championships Mewtwo 9/100 David Cohen Stallgon,45,5,5,IMG_6182.HEIC,individuals/20260821/045-05.jpg,https://raw.githubusercontent.com/chandlersimon/pokemon-ebay-images/main/individuals/20260821/045-05.jpg
PKM-20260821-046,Psychic,Pokemon EX Power Keepers Dusclops 14/108 2007,46,1,5,IMG_6183.HEIC,individuals/20260821/046-01.jpg,https://raw.githubusercontent.com/chandlersimon/pokemon-ebay-images/main/individuals/20260821/046-01.jpg
PKM-20260821-046,Psychic,Pokemon EX Power Keepers Dusclops 14/108 2007,46,2,5,IMG_6184.HEIC,individuals/20260821/046-02.jpg,https://raw.githubusercontent.com/chandlersimon/pokemon-ebay-images/main/individuals/20260821/046-02.jpg
PKM-20260821-046,Psychic,Pokemon EX Power Keepers Dusclops 14/108 2007,46,3,5,IMG_6185.HEIC,individuals/20260821/046-03.jpg,https://raw.githubusercontent.com/chandlersimon/pokemon-ebay-images/main/individuals/20260821/046-03.jpg
PKM-20260821-046,Psychic,Pokemon EX Power Keepers Dusclops 14/108 2007,46,4,5,IMG_6186.HEIC,individuals/20260821/046-04.jpg,https://raw.githubusercontent.com/chandlersimon/pokemon-ebay-images/main/individuals/20260821/046-04.jpg
PKM-20260821-046,Psychic,Pokemon EX Power Keepers Dusclops 14/108 2007,46,5,5,IMG_6187.HEIC,individuals/20260821/046-05.jpg,https://raw.githubusercontent.com/chandlersimon/pokemon-ebay-images/main/individuals/20260821/046-05.jpg
PKM-20260821-047,Psychic,Pokemon Neo Genesis Xatu 52/111 WOTC 2000,47,1,5,IMG_6188.HEIC,individuals/20260821/047-01.jpg,https://raw.githubusercontent.com/chandlersimon/pokemon-ebay-images/main/individuals/20260821/047-01.jpg
PKM-20260821-047,Psychic,Pokemon Neo Genesis Xatu 52/111 WOTC 2000,47,2,5,IMG_6189.HEIC,individuals/20260821/047-02.jpg,https://raw.githubusercontent.com/chandlersimon/pokemon-ebay-images/main/individuals/20260821/047-02.jpg
PKM-20260821-047,Psychic,Pokemon Neo Genesis Xatu 52/111 WOTC 2000,47,3,5,IMG_6190.HEIC,individuals/20260821/047-03.jpg,https://raw.githubusercontent.com/chandlersimon/pokemon-ebay-images/main/individuals/20260821/047-03.jpg
PKM-20260821-047,Psychic,Pokemon Neo Genesis Xatu 52/111 WOTC 2000,47,4,5,IMG_6191.HEIC,individuals/20260821/047-04.jpg,https://raw.githubusercontent.com/chandlersimon/pokemon-ebay-images/main/individuals/20260821/047-04.jpg
PKM-20260821-047,Psychic,Pokemon Neo Genesis Xatu 52/111 WOTC 2000,47,5,5,IMG_6192.HEIC,individuals/20260821/047-05.jpg,https://raw.githubusercontent.com/chandlersimon/pokemon-ebay-images/main/individuals/20260821/047-05.jpg
PKM-20260821-048,Psychic,Pokemon EX Power Keepers Kirlia 31/108 2007,48,1,5,IMG_6193.HEIC,individuals/20260821/048-01.jpg,https://raw.githubusercontent.com/chandlersimon/pokemon-ebay-images/main/individuals/20260821/048-01.jpg
PKM-20260821-048,Psychic,Pokemon EX Power Keepers Kirlia 31/108 2007,48,2,5,IMG_6194.HEIC,individuals/20260821/048-02.jpg,https://raw.githubusercontent.com/chandlersimon/pokemon-ebay-images/main/individuals/20260821/048-02.jpg
PKM-20260821-048,Psychic,Pokemon EX Power Keepers Kirlia 31/108 2007,48,3,5,IMG_6195.HEIC,individuals/20260821/048-03.jpg,https://raw.githubusercontent.com/chandlersimon/pokemon-ebay-images/main/individuals/20260821/048-03.jpg
PKM-20260821-048,Psychic,Pokemon EX Power Keepers Kirlia 31/108 2007,48,4,5,IMG_6196.HEIC,individuals/20260821/048-04.jpg,https://raw.githubusercontent.com/chandlersimon/pokemon-ebay-images/main/individuals/20260821/048-04.jpg
PKM-20260821-048,Psychic,Pokemon EX Power Keepers Kirlia 31/108 2007,48,5,5,IMG_6197.HEIC,individuals/20260821/048-05.jpg,https://raw.githubusercontent.com/chandlersimon/pokemon-ebay-images/main/individuals/20260821/048-05.jpg
PKM-20260821-049,Psychic,Pokemon EX Dragon Frontiers Cyndaquil Delta Species 45/101 2006,49,1,5,IMG_6198.HEIC,individuals/20260821/049-01.jpg,https://raw.githubusercontent.com/chandlersimon/pokemon-ebay-images/main/individuals/20260821/049-01.jpg
PKM-20260821-049,Psychic,Pokemon EX Dragon Frontiers Cyndaquil Delta Species 45/101 2006,49,2,5,IMG_6199.HEIC,individuals/20260821/049-02.jpg,https://raw.githubusercontent.com/chandlersimon/pokemon-ebay-images/main/individuals/20260821/049-02.jpg
PKM-20260821-049,Psychic,Pokemon EX Dragon Frontiers Cyndaquil Delta Species 45/101 2006,49,3,5,IMG_6200.HEIC,individuals/20260821/049-03.jpg,https://raw.githubusercontent.com/chandlersimon/pokemon-ebay-images/main/individuals/20260821/049-03.jpg
PKM-20260821-049,Psychic,Pokemon EX Dragon Frontiers Cyndaquil Delta Species 45/101 2006,49,4,5,IMG_6201.HEIC,individuals/20260821/049-04.jpg,https://raw.githubusercontent.com/chandlersimon/pokemon-ebay-images/main/individuals/20260821/049-04.jpg
PKM-20260821-049,Psychic,Pokemon EX Dragon Frontiers Cyndaquil Delta Species 45/101 2006,49,5,5,IMG_6202.HEIC,individuals/20260821/049-05.jpg,https://raw.githubusercontent.com/chandlersimon/pokemon-ebay-images/main/individuals/20260821/049-05.jpg
PKM-20260821-050,Psychic,Pokemon 2009 Worlds Unown G 57/106 Tsubasa Nakamura Deck Card,50,1,5,IMG_6203.HEIC,individuals/20260821/050-01.jpg,https://raw.githubusercontent.com/chandlersimon/pokemon-ebay-images/main/individuals/20260821/050-01.jpg
PKM-20260821-050,Psychic,Pokemon 2009 Worlds Unown G 57/106 Tsubasa Nakamura Deck Card,50,2,5,IMG_6204.HEIC,individuals/20260821/050-02.jpg,https://raw.githubusercontent.com/chandlersimon/pokemon-ebay-images/main/individuals/20260821/050-02.jpg
PKM-20260821-050,Psychic,Pokemon 2009 Worlds Unown G 57/106 Tsubasa Nakamura Deck Card,50,3,5,IMG_6205.HEIC,individuals/20260821/050-03.jpg,https://raw.githubusercontent.com/chandlersimon/pokemon-ebay-images/main/individuals/20260821/050-03.jpg
PKM-20260821-050,Psychic,Pokemon 2009 Worlds Unown G 57/106 Tsubasa Nakamura Deck Card,50,4,5,IMG_6206.HEIC,individuals/20260821/050-04.jpg,https://raw.githubusercontent.com/chandlersimon/pokemon-ebay-images/main/individuals/20260821/050-04.jpg
PKM-20260821-050,Psychic,Pokemon 2009 Worlds Unown G 57/106 Tsubasa Nakamura Deck Card,50,5,5,IMG_6207.HEIC,individuals/20260821/050-05.jpg,https://raw.githubusercontent.com/chandlersimon/pokemon-ebay-images/main/individuals/20260821/050-05.jpg
PKM-20260821-051,Psychic,Pokemon 2009 Worlds Unown G 57/106 Tsubasa Nakamura Deck Card,51,1,5,IMG_6208.HEIC,individuals/20260821/051-01.jpg,https://raw.githubusercontent.com/chandlersimon/pokemon-ebay-images/main/individuals/20260821/051-01.jpg
PKM-20260821-051,Psychic,Pokemon 2009 Worlds Unown G 57/106 Tsubasa Nakamura Deck Card,51,2,5,IMG_6209.HEIC,individuals/20260821/051-02.jpg,https://raw.githubusercontent.com/chandlersimon/pokemon-ebay-images/main/individuals/20260821/051-02.jpg
PKM-20260821-051,Psychic,Pokemon 2009 Worlds Unown G 57/106 Tsubasa Nakamura Deck Card,51,3,5,IMG_6210.HEIC,individuals/20260821/051-03.jpg,https://raw.githubusercontent.com/chandlersimon/pokemon-ebay-images/main/individuals/20260821/051-03.jpg
PKM-20260821-051,Psychic,Pokemon 2009 Worlds Unown G 57/106 Tsubasa Nakamura Deck Card,51,4,5,IMG_6211.HEIC,individuals/20260821/051-04.jpg,https://raw.githubusercontent.com/chandlersimon/pokemon-ebay-images/main/individuals/20260821/051-04.jpg
PKM-20260821-051,Psychic,Pokemon 2009 Worlds Unown G 57/106 Tsubasa Nakamura Deck Card,51,5,5,IMG_6212.HEIC,individuals/20260821/051-05.jpg,https://raw.githubusercontent.com/chandlersimon/pokemon-ebay-images/main/individuals/20260821/051-05.jpg
PKM-20260821-052,Psychic,Pokemon Mysterious Treasures Abra 69/123 2007,52,1,5,IMG_6213.HEIC,individuals/20260821/052-01.jpg,https://raw.githubusercontent.com/chandlersimon/pokemon-ebay-images/main/individuals/20260821/052-01.jpg
PKM-20260821-052,Psychic,Pokemon Mysterious Treasures Abra 69/123 2007,52,2,5,IMG_6214.HEIC,individuals/20260821/052-02.jpg,https://raw.githubusercontent.com/chandlersimon/pokemon-ebay-images/main/individuals/20260821/052-02.jpg
PKM-20260821-052,Psychic,Pokemon Mysterious Treasures Abra 69/123 2007,52,3,5,IMG_6215.HEIC,individuals/20260821/052-03.jpg,https://raw.githubusercontent.com/chandlersimon/pokemon-ebay-images/main/individuals/20260821/052-03.jpg
PKM-20260821-052,Psychic,Pokemon Mysterious Treasures Abra 69/123 2007,52,4,5,IMG_6216.HEIC,individuals/20260821/052-04.jpg,https://raw.githubusercontent.com/chandlersimon/pokemon-ebay-images/main/individuals/20260821/052-04.jpg
PKM-20260821-052,Psychic,Pokemon Mysterious Treasures Abra 69/123 2007,52,5,5,IMG_6217.HEIC,individuals/20260821/052-05.jpg,https://raw.githubusercontent.com/chandlersimon/pokemon-ebay-images/main/individuals/20260821/052-05.jpg
PKM-20260821-053,Psychic,Pokemon Mysterious Treasures Abra 69/123 2007,53,1,5,IMG_6218.HEIC,individuals/20260821/053-01.jpg,https://raw.githubusercontent.com/chandlersimon/pokemon-ebay-images/main/individuals/20260821/053-01.jpg
PKM-20260821-053,Psychic,Pokemon Mysterious Treasures Abra 69/123 2007,53,2,5,IMG_6219.HEIC,individuals/20260821/053-02.jpg,https://raw.githubusercontent.com/chandlersimon/pokemon-ebay-images/main/individuals/20260821/053-02.jpg
PKM-20260821-053,Psychic,Pokemon Mysterious Treasures Abra 69/123 2007,53,3,5,IMG_6220.HEIC,individuals/20260821/053-03.jpg,https://raw.githubusercontent.com/chandlersimon/pokemon-ebay-images/main/individuals/20260821/053-03.jpg
PKM-20260821-053,Psychic,Pokemon Mysterious Treasures Abra 69/123 2007,53,4,5,IMG_6221.HEIC,individuals/20260821/053-04.jpg,https://raw.githubusercontent.com/chandlersimon/pokemon-ebay-images/main/individuals/20260821/053-04.jpg
PKM-20260821-053,Psychic,Pokemon Mysterious Treasures Abra 69/123 2007,53,5,5,IMG_6222.HEIC,individuals/20260821/053-05.jpg,https://raw.githubusercontent.com/chandlersimon/pokemon-ebay-images/main/individuals/20260821/053-05.jpg
PKM-20260821-054,Psychic,Pokemon Ruby Sapphire Kirlia 34/109 EX 2003,54,1,5,IMG_6223.HEIC,individuals/20260821/054-01.jpg,https://raw.githubusercontent.com/chandlersimon/pokemon-ebay-images/main/individuals/20260821/054-01.jpg
PKM-20260821-054,Psychic,Pokemon Ruby Sapphire Kirlia 34/109 EX 2003,54,2,5,IMG_6224.HEIC,individuals/20260821/054-02.jpg,https://raw.githubusercontent.com/chandlersimon/pokemon-ebay-images/main/individuals/20260821/054-02.jpg
PKM-20260821-054,Psychic,Pokemon Ruby Sapphire Kirlia 34/109 EX 2003,54,3,5,IMG_6225.HEIC,individuals/20260821/054-03.jpg,https://raw.githubusercontent.com/chandlersimon/pokemon-ebay-images/main/individuals/20260821/054-03.jpg
PKM-20260821-054,Psychic,Pokemon Ruby Sapphire Kirlia 34/109 EX 2003,54,4,5,IMG_6226.HEIC,individuals/20260821/054-04.jpg,https://raw.githubusercontent.com/chandlersimon/pokemon-ebay-images/main/individuals/20260821/054-04.jpg
PKM-20260821-054,Psychic,Pokemon Ruby Sapphire Kirlia 34/109 EX 2003,54,5,5,IMG_6227.HEIC,individuals/20260821/054-05.jpg,https://raw.githubusercontent.com/chandlersimon/pokemon-ebay-images/main/individuals/20260821/054-05.jpg
PKM-20260821-055,Psychic,Pokemon EX Dragon Frontiers Smeargle Delta Species 39/101 2006,55,1,5,IMG_6228.HEIC,individuals/20260821/055-01.jpg,https://raw.githubusercontent.com/chandlersimon/pokemon-ebay-images/main/individuals/20260821/055-01.jpg
PKM-20260821-055,Psychic,Pokemon EX Dragon Frontiers Smeargle Delta Species 39/101 2006,55,2,5,IMG_6229.HEIC,individuals/20260821/055-02.jpg,https://raw.githubusercontent.com/chandlersimon/pokemon-ebay-images/main/individuals/20260821/055-02.jpg
PKM-20260821-055,Psychic,Pokemon EX Dragon Frontiers Smeargle Delta Species 39/101 2006,55,3,5,IMG_6230.HEIC,individuals/20260821/055-03.jpg,https://raw.githubusercontent.com/chandlersimon/pokemon-ebay-images/main/individuals/20260821/055-03.jpg
PKM-20260821-055,Psychic,Pokemon EX Dragon Frontiers Smeargle Delta Species 39/101 2006,55,4,5,IMG_6231.HEIC,individuals/20260821/055-04.jpg,https://raw.githubusercontent.com/chandlersimon/pokemon-ebay-images/main/individuals/20260821/055-04.jpg
PKM-20260821-055,Psychic,Pokemon EX Dragon Frontiers Smeargle Delta Species 39/101 2006,55,5,5,IMG_6232.HEIC,individuals/20260821/055-05.jpg,https://raw.githubusercontent.com/chandlersimon/pokemon-ebay-images/main/individuals/20260821/055-05.jpg
PKM-20260821-056,Psychic,Pokemon Ruby Sapphire Ralts 68/109 EX 2003,56,1,5,IMG_6233.HEIC,individuals/20260821/056-01.jpg,https://raw.githubusercontent.com/chandlersimon/pokemon-ebay-images/main/individuals/20260821/056-01.jpg
PKM-20260821-056,Psychic,Pokemon Ruby Sapphire Ralts 68/109 EX 2003,56,2,5,IMG_6234.HEIC,individuals/20260821/056-02.jpg,https://raw.githubusercontent.com/chandlersimon/pokemon-ebay-images/main/individuals/20260821/056-02.jpg
PKM-20260821-056,Psychic,Pokemon Ruby Sapphire Ralts 68/109 EX 2003,56,3,5,IMG_6235.HEIC,individuals/20260821/056-03.jpg,https://raw.githubusercontent.com/chandlersimon/pokemon-ebay-images/main/individuals/20260821/056-03.jpg
PKM-20260821-056,Psychic,Pokemon Ruby Sapphire Ralts 68/109 EX 2003,56,4,5,IMG_6236.HEIC,individuals/20260821/056-04.jpg,https://raw.githubusercontent.com/chandlersimon/pokemon-ebay-images/main/individuals/20260821/056-04.jpg
PKM-20260821-056,Psychic,Pokemon Ruby Sapphire Ralts 68/109 EX 2003,56,5,5,IMG_6237.HEIC,individuals/20260821/056-05.jpg,https://raw.githubusercontent.com/chandlersimon/pokemon-ebay-images/main/individuals/20260821/056-05.jpg
PKM-20260821-057,Psychic,Pokemon EX Sandstorm Wobbuffet 26/100 2003,57,1,5,IMG_6238.HEIC,individuals/20260821/057-01.jpg,https://raw.githubusercontent.com/chandlersimon/pokemon-ebay-images/main/individuals/20260821/057-01.jpg
PKM-20260821-057,Psychic,Pokemon EX Sandstorm Wobbuffet 26/100 2003,57,2,5,IMG_6239.HEIC,individuals/20260821/057-02.jpg,https://raw.githubusercontent.com/chandlersimon/pokemon-ebay-images/main/individuals/20260821/057-02.jpg
PKM-20260821-057,Psychic,Pokemon EX Sandstorm Wobbuffet 26/100 2003,57,3,5,IMG_6240.HEIC,individuals/20260821/057-03.jpg,https://raw.githubusercontent.com/chandlersimon/pokemon-ebay-images/main/individuals/20260821/057-03.jpg
PKM-20260821-057,Psychic,Pokemon EX Sandstorm Wobbuffet 26/100 2003,57,4,5,IMG_6241.HEIC,individuals/20260821/057-04.jpg,https://raw.githubusercontent.com/chandlersimon/pokemon-ebay-images/main/individuals/20260821/057-04.jpg
PKM-20260821-057,Psychic,Pokemon EX Sandstorm Wobbuffet 26/100 2003,57,5,5,IMG_6242.HEIC,individuals/20260821/057-05.jpg,https://raw.githubusercontent.com/chandlersimon/pokemon-ebay-images/main/individuals/20260821/057-05.jpg
PKM-20260821-058,Psychic,Pokemon Neo Discovery Unown M 49/75 WOTC 2001,58,1,5,IMG_6243.HEIC,individuals/20260821/058-01.jpg,https://raw.githubusercontent.com/chandlersimon/pokemon-ebay-images/main/individuals/20260821/058-01.jpg
PKM-20260821-058,Psychic,Pokemon Neo Discovery Unown M 49/75 WOTC 2001,58,2,5,IMG_6244.HEIC,individuals/20260821/058-02.jpg,https://raw.githubusercontent.com/chandlersimon/pokemon-ebay-images/main/individuals/20260821/058-02.jpg
PKM-20260821-058,Psychic,Pokemon Neo Discovery Unown M 49/75 WOTC 2001,58,3,5,IMG_6245.HEIC,individuals/20260821/058-03.jpg,https://raw.githubusercontent.com/chandlersimon/pokemon-ebay-images/main/individuals/20260821/058-03.jpg
PKM-20260821-058,Psychic,Pokemon Neo Discovery Unown M 49/75 WOTC 2001,58,4,5,IMG_6246.HEIC,individuals/20260821/058-04.jpg,https://raw.githubusercontent.com/chandlersimon/pokemon-ebay-images/main/individuals/20260821/058-04.jpg
PKM-20260821-058,Psychic,Pokemon Neo Discovery Unown M 49/75 WOTC 2001,58,5,5,IMG_6247.HEIC,individuals/20260821/058-05.jpg,https://raw.githubusercontent.com/chandlersimon/pokemon-ebay-images/main/individuals/20260821/058-05.jpg
PKM-20260821-059,Psychic,Pokemon 2009 World Championships Nidoqueen #30 Deck Card,59,1,5,IMG_6248.HEIC,individuals/20260821/059-01.jpg,https://raw.githubusercontent.com/chandlersimon/pokemon-ebay-images/main/individuals/20260821/059-01.jpg
PKM-20260821-059,Psychic,Pokemon 2009 World Championships Nidoqueen #30 Deck Card,59,2,5,IMG_6249.HEIC,individuals/20260821/059-02.jpg,https://raw.githubusercontent.com/chandlersimon/pokemon-ebay-images/main/individuals/20260821/059-02.jpg
PKM-20260821-059,Psychic,Pokemon 2009 World Championships Nidoqueen #30 Deck Card,59,3,5,IMG_6250.HEIC,individuals/20260821/059-03.jpg,https://raw.githubusercontent.com/chandlersimon/pokemon-ebay-images/main/individuals/20260821/059-03.jpg
PKM-20260821-059,Psychic,Pokemon 2009 World Championships Nidoqueen #30 Deck Card,59,4,5,IMG_6251.HEIC,individuals/20260821/059-04.jpg,https://raw.githubusercontent.com/chandlersimon/pokemon-ebay-images/main/individuals/20260821/059-04.jpg
PKM-20260821-059,Psychic,Pokemon 2009 World Championships Nidoqueen #30 Deck Card,59,5,5,IMG_6252.HEIC,individuals/20260821/059-05.jpg,https://raw.githubusercontent.com/chandlersimon/pokemon-ebay-images/main/individuals/20260821/059-05.jpg
PKM-20260821-060,Psychic,Pokemon Diamond Pearl Unown A 65/130 2007,60,1,5,IMG_6253.HEIC,individuals/20260821/060-01.jpg,https://raw.githubusercontent.com/chandlersimon/pokemon-ebay-images/main/individuals/20260821/060-01.jpg
PKM-20260821-060,Psychic,Pokemon Diamond Pearl Unown A 65/130 2007,60,2,5,IMG_6254.HEIC,individuals/20260821/060-02.jpg,https://raw.githubusercontent.com/chandlersimon/pokemon-ebay-images/main/individuals/20260821/060-02.jpg
PKM-20260821-060,Psychic,Pokemon Diamond Pearl Unown A 65/130 2007,60,3,5,IMG_6255.HEIC,individuals/20260821/060-03.jpg,https://raw.githubusercontent.com/chandlersimon/pokemon-ebay-images/main/individuals/20260821/060-03.jpg
PKM-20260821-060,Psychic,Pokemon Diamond Pearl Unown A 65/130 2007,60,4,5,IMG_6256.HEIC,individuals/20260821/060-04.jpg,https://raw.githubusercontent.com/chandlersimon/pokemon-ebay-images/main/individuals/20260821/060-04.jpg
PKM-20260821-060,Psychic,Pokemon Diamond Pearl Unown A 65/130 2007,60,5,5,IMG_6257.HEIC,individuals/20260821/060-05.jpg,https://raw.githubusercontent.com/chandlersimon/pokemon-ebay-images/main/individuals/20260821/060-05.jpg
PKM-20260821-061,Psychic,Pokemon Mysterious Treasures Mr Mime 30/123 2007,61,1,5,IMG_6258.HEIC,individuals/20260821/061-01.jpg,https://raw.githubusercontent.com/chandlersimon/pokemon-ebay-images/main/individuals/20260821/061-01.jpg
PKM-20260821-061,Psychic,Pokemon Mysterious Treasures Mr Mime 30/123 2007,61,2,5,IMG_6259.HEIC,individuals/20260821/061-02.jpg,https://raw.githubusercontent.com/chandlersimon/pokemon-ebay-images/main/individuals/20260821/061-02.jpg
PKM-20260821-061,Psychic,Pokemon Mysterious Treasures Mr Mime 30/123 2007,61,3,5,IMG_6260.HEIC,individuals/20260821/061-03.jpg,https://raw.githubusercontent.com/chandlersimon/pokemon-ebay-images/main/individuals/20260821/061-03.jpg
PKM-20260821-061,Psychic,Pokemon Mysterious Treasures Mr Mime 30/123 2007,61,4,5,IMG_6261.HEIC,individuals/20260821/061-04.jpg,https://raw.githubusercontent.com/chandlersimon/pokemon-ebay-images/main/individuals/20260821/061-04.jpg
PKM-20260821-061,Psychic,Pokemon Mysterious Treasures Mr Mime 30/123 2007,61,5,5,IMG_6262.HEIC,individuals/20260821/061-05.jpg,https://raw.githubusercontent.com/chandlersimon/pokemon-ebay-images/main/individuals/20260821/061-05.jpg
PKM-20260821-062,Psychic,Pokemon EX Sandstorm Duskull 61/100 2003,62,1,5,IMG_6263.HEIC,individuals/20260821/062-01.jpg,https://raw.githubusercontent.com/chandlersimon/pokemon-ebay-images/main/individuals/20260821/062-01.jpg
PKM-20260821-062,Psychic,Pokemon EX Sandstorm Duskull 61/100 2003,62,2,5,IMG_6264.HEIC,individuals/20260821/062-02.jpg,https://raw.githubusercontent.com/chandlersimon/pokemon-ebay-images/main/individuals/20260821/062-02.jpg
PKM-20260821-062,Psychic,Pokemon EX Sandstorm Duskull 61/100 2003,62,3,5,IMG_6265.HEIC,individuals/20260821/062-03.jpg,https://raw.githubusercontent.com/chandlersimon/pokemon-ebay-images/main/individuals/20260821/062-03.jpg
PKM-20260821-062,Psychic,Pokemon EX Sandstorm Duskull 61/100 2003,62,4,5,IMG_6266.HEIC,individuals/20260821/062-04.jpg,https://raw.githubusercontent.com/chandlersimon/pokemon-ebay-images/main/individuals/20260821/062-04.jpg
PKM-20260821-062,Psychic,Pokemon EX Sandstorm Duskull 61/100 2003,62,5,5,IMG_6267.HEIC,individuals/20260821/062-05.jpg,https://raw.githubusercontent.com/chandlersimon/pokemon-ebay-images/main/individuals/20260821/062-05.jpg
PKM-20260821-063,Psychic,Pokemon EX Dragon Frontiers Quilava Delta Species 36/101 2006,63,1,5,IMG_6268.HEIC,individuals/20260821/063-01.jpg,https://raw.githubusercontent.com/chandlersimon/pokemon-ebay-images/main/individuals/20260821/063-01.jpg
PKM-20260821-063,Psychic,Pokemon EX Dragon Frontiers Quilava Delta Species 36/101 2006,63,2,5,IMG_6269.HEIC,individuals/20260821/063-02.jpg,https://raw.githubusercontent.com/chandlersimon/pokemon-ebay-images/main/individuals/20260821/063-02.jpg
PKM-20260821-063,Psychic,Pokemon EX Dragon Frontiers Quilava Delta Species 36/101 2006,63,3,5,IMG_6270.HEIC,individuals/20260821/063-03.jpg,https://raw.githubusercontent.com/chandlersimon/pokemon-ebay-images/main/individuals/20260821/063-03.jpg
PKM-20260821-063,Psychic,Pokemon EX Dragon Frontiers Quilava Delta Species 36/101 2006,63,4,5,IMG_6271.HEIC,individuals/20260821/063-04.jpg,https://raw.githubusercontent.com/chandlersimon/pokemon-ebay-images/main/individuals/20260821/063-04.jpg
PKM-20260821-063,Psychic,Pokemon EX Dragon Frontiers Quilava Delta Species 36/101 2006,63,5,5,IMG_6272.HEIC,individuals/20260821/063-05.jpg,https://raw.githubusercontent.com/chandlersimon/pokemon-ebay-images/main/individuals/20260821/063-05.jpg
PKM-20260821-064,Psychic,Pokemon Diamond Pearl Mime Jr 90/130 2007,64,1,5,IMG_6273.HEIC,individuals/20260821/064-01.jpg,https://raw.githubusercontent.com/chandlersimon/pokemon-ebay-images/main/individuals/20260821/064-01.jpg
PKM-20260821-064,Psychic,Pokemon Diamond Pearl Mime Jr 90/130 2007,64,2,5,IMG_6274.HEIC,individuals/20260821/064-02.jpg,https://raw.githubusercontent.com/chandlersimon/pokemon-ebay-images/main/individuals/20260821/064-02.jpg
PKM-20260821-064,Psychic,Pokemon Diamond Pearl Mime Jr 90/130 2007,64,3,5,IMG_6275.HEIC,individuals/20260821/064-03.jpg,https://raw.githubusercontent.com/chandlersimon/pokemon-ebay-images/main/individuals/20260821/064-03.jpg
PKM-20260821-064,Psychic,Pokemon Diamond Pearl Mime Jr 90/130 2007,64,4,5,IMG_6276.HEIC,individuals/20260821/064-04.jpg,https://raw.githubusercontent.com/chandlersimon/pokemon-ebay-images/main/individuals/20260821/064-04.jpg
PKM-20260821-064,Psychic,Pokemon Diamond Pearl Mime Jr 90/130 2007,64,5,5,IMG_6277.HEIC,individuals/20260821/064-05.jpg,https://raw.githubusercontent.com/chandlersimon/pokemon-ebay-images/main/individuals/20260821/064-05.jpg
PKM-20260821-065,Psychic,Pokemon Diamond Pearl Mime Jr 90/130 2007,65,1,5,IMG_6278.HEIC,individuals/20260821/065-01.jpg,https://raw.githubusercontent.com/chandlersimon/pokemon-ebay-images/main/individuals/20260821/065-01.jpg
PKM-20260821-065,Psychic,Pokemon Diamond Pearl Mime Jr 90/130 2007,65,2,5,IMG_6279.HEIC,individuals/20260821/065-02.jpg,https://raw.githubusercontent.com/chandlersimon/pokemon-ebay-images/main/individuals/20260821/065-02.jpg
PKM-20260821-065,Psychic,Pokemon Diamond Pearl Mime Jr 90/130 2007,65,3,5,IMG_6281.HEIC,individuals/20260821/065-03.jpg,https://raw.githubusercontent.com/chandlersimon/pokemon-ebay-images/main/individuals/20260821/065-03.jpg
PKM-20260821-065,Psychic,Pokemon Diamond Pearl Mime Jr 90/130 2007,65,4,5,IMG_6282.HEIC,individuals/20260821/065-04.jpg,https://raw.githubusercontent.com/chandlersimon/pokemon-ebay-images/main/individuals/20260821/065-04.jpg
PKM-20260821-065,Psychic,Pokemon Diamond Pearl Mime Jr 90/130 2007,65,5,5,IMG_6283.HEIC,individuals/20260821/065-05.jpg,https://raw.githubusercontent.com/chandlersimon/pokemon-ebay-images/main/individuals/20260821/065-05.jpg
PKM-20260821-066,Psychic,Pokemon Diamond Pearl Mime Jr 90/130 2007,66,1,5,IMG_6284.HEIC,individuals/20260821/066-01.jpg,https://raw.githubusercontent.com/chandlersimon/pokemon-ebay-images/main/individuals/20260821/066-01.jpg
PKM-20260821-066,Psychic,Pokemon Diamond Pearl Mime Jr 90/130 2007,66,2,5,IMG_6285.HEIC,individuals/20260821/066-02.jpg,https://raw.githubusercontent.com/chandlersimon/pokemon-ebay-images/main/individuals/20260821/066-02.jpg
PKM-20260821-066,Psychic,Pokemon Diamond Pearl Mime Jr 90/130 2007,66,3,5,IMG_6286.HEIC,individuals/20260821/066-03.jpg,https://raw.githubusercontent.com/chandlersimon/pokemon-ebay-images/main/individuals/20260821/066-03.jpg
PKM-20260821-066,Psychic,Pokemon Diamond Pearl Mime Jr 90/130 2007,66,4,5,IMG_6287.HEIC,individuals/20260821/066-04.jpg,https://raw.githubusercontent.com/chandlersimon/pokemon-ebay-images/main/individuals/20260821/066-04.jpg
PKM-20260821-066,Psychic,Pokemon Diamond Pearl Mime Jr 90/130 2007,66,5,5,IMG_6288.HEIC,individuals/20260821/066-05.jpg,https://raw.githubusercontent.com/chandlersimon/pokemon-ebay-images/main/individuals/20260821/066-05.jpg
PKM-20260821-067,Psychic,Pokemon Base Set Gastly 50/102 Shadowless WOTC 1999,67,1,5,IMG_6289.HEIC,individuals/20260821/067-01.jpg,https://raw.githubusercontent.com/chandlersimon/pokemon-ebay-images/main/individuals/20260821/067-01.jpg
PKM-20260821-067,Psychic,Pokemon Base Set Gastly 50/102 Shadowless WOTC 1999,67,2,5,IMG_6290.HEIC,individuals/20260821/067-02.jpg,https://raw.githubusercontent.com/chandlersimon/pokemon-ebay-images/main/individuals/20260821/067-02.jpg
PKM-20260821-067,Psychic,Pokemon Base Set Gastly 50/102 Shadowless WOTC 1999,67,3,5,IMG_6291.HEIC,individuals/20260821/067-03.jpg,https://raw.githubusercontent.com/chandlersimon/pokemon-ebay-images/main/individuals/20260821/067-03.jpg
PKM-20260821-067,Psychic,Pokemon Base Set Gastly 50/102 Shadowless WOTC 1999,67,4,5,IMG_6292.HEIC,individuals/20260821/067-04.jpg,https://raw.githubusercontent.com/chandlersimon/pokemon-ebay-images/main/individuals/20260821/067-04.jpg
PKM-20260821-067,Psychic,Pokemon Base Set Gastly 50/102 Shadowless WOTC 1999,67,5,5,IMG_6293.HEIC,individuals/20260821/067-05.jpg,https://raw.githubusercontent.com/chandlersimon/pokemon-ebay-images/main/individuals/20260821/067-05.jpg
PKM-20260821-068,Psychic,Pokemon EX Crystal Guardians Dusclops 17/100 2006,68,1,5,IMG_6294.HEIC,individuals/20260821/068-01.jpg,https://raw.githubusercontent.com/chandlersimon/pokemon-ebay-images/main/individuals/20260821/068-01.jpg
PKM-20260821-068,Psychic,Pokemon EX Crystal Guardians Dusclops 17/100 2006,68,2,5,IMG_6295.HEIC,individuals/20260821/068-02.jpg,https://raw.githubusercontent.com/chandlersimon/pokemon-ebay-images/main/individuals/20260821/068-02.jpg
PKM-20260821-068,Psychic,Pokemon EX Crystal Guardians Dusclops 17/100 2006,68,3,5,IMG_6296.HEIC,individuals/20260821/068-03.jpg,https://raw.githubusercontent.com/chandlersimon/pokemon-ebay-images/main/individuals/20260821/068-03.jpg
PKM-20260821-068,Psychic,Pokemon EX Crystal Guardians Dusclops 17/100 2006,68,4,5,IMG_6297.HEIC,individuals/20260821/068-04.jpg,https://raw.githubusercontent.com/chandlersimon/pokemon-ebay-images/main/individuals/20260821/068-04.jpg
PKM-20260821-068,Psychic,Pokemon EX Crystal Guardians Dusclops 17/100 2006,68,5,5,IMG_6298.HEIC,individuals/20260821/068-05.jpg,https://raw.githubusercontent.com/chandlersimon/pokemon-ebay-images/main/individuals/20260821/068-05.jpg
PKM-20260821-069,Psychic,Pokemon 2010 World Championships Uxie #43 Deck Card,69,1,5,IMG_6299.HEIC,individuals/20260821/069-01.jpg,https://raw.githubusercontent.com/chandlersimon/pokemon-ebay-images/main/individuals/20260821/069-01.jpg
PKM-20260821-069,Psychic,Pokemon 2010 World Championships Uxie #43 Deck Card,69,2,5,IMG_6300.HEIC,individuals/20260821/069-02.jpg,https://raw.githubusercontent.com/chandlersimon/pokemon-ebay-images/main/individuals/20260821/069-02.jpg
PKM-20260821-069,Psychic,Pokemon 2010 World Championships Uxie #43 Deck Card,69,3,5,IMG_6301.HEIC,individuals/20260821/069-03.jpg,https://raw.githubusercontent.com/chandlersimon/pokemon-ebay-images/main/individuals/20260821/069-03.jpg
PKM-20260821-069,Psychic,Pokemon 2010 World Championships Uxie #43 Deck Card,69,4,5,IMG_6302.HEIC,individuals/20260821/069-04.jpg,https://raw.githubusercontent.com/chandlersimon/pokemon-ebay-images/main/individuals/20260821/069-04.jpg
PKM-20260821-069,Psychic,Pokemon 2010 World Championships Uxie #43 Deck Card,69,5,5,IMG_6303.HEIC,individuals/20260821/069-05.jpg,https://raw.githubusercontent.com/chandlersimon/pokemon-ebay-images/main/individuals/20260821/069-05.jpg
PKM-20260821-070,Psychic,Pokemon Great Encounters Unown G 57/106 2008,70,1,5,IMG_6304.HEIC,individuals/20260821/070-01.jpg,https://raw.githubusercontent.com/chandlersimon/pokemon-ebay-images/main/individuals/20260821/070-01.jpg
PKM-20260821-070,Psychic,Pokemon Great Encounters Unown G 57/106 2008,70,2,5,IMG_6305.HEIC,individuals/20260821/070-02.jpg,https://raw.githubusercontent.com/chandlersimon/pokemon-ebay-images/main/individuals/20260821/070-02.jpg
PKM-20260821-070,Psychic,Pokemon Great Encounters Unown G 57/106 2008,70,3,5,IMG_6306.HEIC,individuals/20260821/070-03.jpg,https://raw.githubusercontent.com/chandlersimon/pokemon-ebay-images/main/individuals/20260821/070-03.jpg
PKM-20260821-070,Psychic,Pokemon Great Encounters Unown G 57/106 2008,70,4,5,IMG_6307.HEIC,individuals/20260821/070-04.jpg,https://raw.githubusercontent.com/chandlersimon/pokemon-ebay-images/main/individuals/20260821/070-04.jpg
PKM-20260821-070,Psychic,Pokemon Great Encounters Unown G 57/106 2008,70,5,5,IMG_6308.HEIC,individuals/20260821/070-05.jpg,https://raw.githubusercontent.com/chandlersimon/pokemon-ebay-images/main/individuals/20260821/070-05.jpg
PKM-20260821-071,Psychic,Pokemon Aquapolis Drowzee 74B/147 WOTC E-Reader 2003,71,1,5,IMG_6309.HEIC,individuals/20260821/071-01.jpg,https://raw.githubusercontent.com/chandlersimon/pokemon-ebay-images/main/individuals/20260821/071-01.jpg
PKM-20260821-071,Psychic,Pokemon Aquapolis Drowzee 74B/147 WOTC E-Reader 2003,71,2,5,IMG_6310.HEIC,individuals/20260821/071-02.jpg,https://raw.githubusercontent.com/chandlersimon/pokemon-ebay-images/main/individuals/20260821/071-02.jpg
PKM-20260821-071,Psychic,Pokemon Aquapolis Drowzee 74B/147 WOTC E-Reader 2003,71,3,5,IMG_6311.HEIC,individuals/20260821/071-03.jpg,https://raw.githubusercontent.com/chandlersimon/pokemon-ebay-images/main/individuals/20260821/071-03.jpg
PKM-20260821-071,Psychic,Pokemon Aquapolis Drowzee 74B/147 WOTC E-Reader 2003,71,4,5,IMG_6312.HEIC,individuals/20260821/071-04.jpg,https://raw.githubusercontent.com/chandlersimon/pokemon-ebay-images/main/individuals/20260821/071-04.jpg
PKM-20260821-071,Psychic,Pokemon Aquapolis Drowzee 74B/147 WOTC E-Reader 2003,71,5,5,IMG_6313.HEIC,individuals/20260821/071-05.jpg,https://raw.githubusercontent.com/chandlersimon/pokemon-ebay-images/main/individuals/20260821/071-05.jpg
PKM-20260821-072,Italian,Pokemon Italian Base Set Farfetch'd 27/102 WOTC 1999-2000,72,1,5,IMG_6314.HEIC,individuals/20260821/072-01.jpg,https://raw.githubusercontent.com/chandlersimon/pokemon-ebay-images/main/individuals/20260821/072-01.jpg
PKM-20260821-072,Italian,Pokemon Italian Base Set Farfetch'd 27/102 WOTC 1999-2000,72,2,5,IMG_6315.HEIC,individuals/20260821/072-02.jpg,https://raw.githubusercontent.com/chandlersimon/pokemon-ebay-images/main/individuals/20260821/072-02.jpg
PKM-20260821-072,Italian,Pokemon Italian Base Set Farfetch'd 27/102 WOTC 1999-2000,72,3,5,IMG_6316.HEIC,individuals/20260821/072-03.jpg,https://raw.githubusercontent.com/chandlersimon/pokemon-ebay-images/main/individuals/20260821/072-03.jpg
PKM-20260821-072,Italian,Pokemon Italian Base Set Farfetch'd 27/102 WOTC 1999-2000,72,4,5,IMG_6317.HEIC,individuals/20260821/072-04.jpg,https://raw.githubusercontent.com/chandlersimon/pokemon-ebay-images/main/individuals/20260821/072-04.jpg
PKM-20260821-072,Italian,Pokemon Italian Base Set Farfetch'd 27/102 WOTC 1999-2000,72,5,5,IMG_6318.HEIC,individuals/20260821/072-05.jpg,https://raw.githubusercontent.com/chandlersimon/pokemon-ebay-images/main/individuals/20260821/072-05.jpg
PKM-20260821-073,Italian,Pokemon Italian Team Rocket Dark Kadabra 39/82 WOTC 2000,73,1,5,IMG_6319.HEIC,individuals/20260821/073-01.jpg,https://raw.githubusercontent.com/chandlersimon/pokemon-ebay-images/main/individuals/20260821/073-01.jpg
PKM-20260821-073,Italian,Pokemon Italian Team Rocket Dark Kadabra 39/82 WOTC 2000,73,2,5,IMG_6320.HEIC,individuals/20260821/073-02.jpg,https://raw.githubusercontent.com/chandlersimon/pokemon-ebay-images/main/individuals/20260821/073-02.jpg
PKM-20260821-073,Italian,Pokemon Italian Team Rocket Dark Kadabra 39/82 WOTC 2000,73,3,5,IMG_6321.HEIC,individuals/20260821/073-03.jpg,https://raw.githubusercontent.com/chandlersimon/pokemon-ebay-images/main/individuals/20260821/073-03.jpg
PKM-20260821-073,Italian,Pokemon Italian Team Rocket Dark Kadabra 39/82 WOTC 2000,73,4,5,IMG_6322.HEIC,individuals/20260821/073-04.jpg,https://raw.githubusercontent.com/chandlersimon/pokemon-ebay-images/main/individuals/20260821/073-04.jpg
PKM-20260821-073,Italian,Pokemon Italian Team Rocket Dark Kadabra 39/82 WOTC 2000,73,5,5,IMG_6323.HEIC,individuals/20260821/073-05.jpg,https://raw.githubusercontent.com/chandlersimon/pokemon-ebay-images/main/individuals/20260821/073-05.jpg
PKM-20260821-074,Italian,Pokemon Italian Team Rocket Dark Rapidash 44/82 WOTC 2000,74,1,5,IMG_6324.HEIC,individuals/20260821/074-01.jpg,https://raw.githubusercontent.com/chandlersimon/pokemon-ebay-images/main/individuals/20260821/074-01.jpg
PKM-20260821-074,Italian,Pokemon Italian Team Rocket Dark Rapidash 44/82 WOTC 2000,74,2,5,IMG_6325.HEIC,individuals/20260821/074-02.jpg,https://raw.githubusercontent.com/chandlersimon/pokemon-ebay-images/main/individuals/20260821/074-02.jpg
PKM-20260821-074,Italian,Pokemon Italian Team Rocket Dark Rapidash 44/82 WOTC 2000,74,3,5,IMG_6326.HEIC,individuals/20260821/074-03.jpg,https://raw.githubusercontent.com/chandlersimon/pokemon-ebay-images/main/individuals/20260821/074-03.jpg
PKM-20260821-074,Italian,Pokemon Italian Team Rocket Dark Rapidash 44/82 WOTC 2000,74,4,5,IMG_6327.HEIC,individuals/20260821/074-04.jpg,https://raw.githubusercontent.com/chandlersimon/pokemon-ebay-images/main/individuals/20260821/074-04.jpg
PKM-20260821-074,Italian,Pokemon Italian Team Rocket Dark Rapidash 44/82 WOTC 2000,74,5,5,IMG_6328.HEIC,individuals/20260821/074-05.jpg,https://raw.githubusercontent.com/chandlersimon/pokemon-ebay-images/main/individuals/20260821/074-05.jpg
PKM-20260821-075,Italian,Pokemon Italian Neo Genesis Cleffa 20/111 WOTC 2000,75,1,5,IMG_6329.HEIC,individuals/20260821/075-01.jpg,https://raw.githubusercontent.com/chandlersimon/pokemon-ebay-images/main/individuals/20260821/075-01.jpg
PKM-20260821-075,Italian,Pokemon Italian Neo Genesis Cleffa 20/111 WOTC 2000,75,2,5,IMG_6330.HEIC,individuals/20260821/075-02.jpg,https://raw.githubusercontent.com/chandlersimon/pokemon-ebay-images/main/individuals/20260821/075-02.jpg
PKM-20260821-075,Italian,Pokemon Italian Neo Genesis Cleffa 20/111 WOTC 2000,75,3,5,IMG_6331.HEIC,individuals/20260821/075-03.jpg,https://raw.githubusercontent.com/chandlersimon/pokemon-ebay-images/main/individuals/20260821/075-03.jpg
PKM-20260821-075,Italian,Pokemon Italian Neo Genesis Cleffa 20/111 WOTC 2000,75,4,5,IMG_6332.HEIC,individuals/20260821/075-04.jpg,https://raw.githubusercontent.com/chandlersimon/pokemon-ebay-images/main/individuals/20260821/075-04.jpg
PKM-20260821-075,Italian,Pokemon Italian Neo Genesis Cleffa 20/111 WOTC 2000,75,5,5,IMG_6333.HEIC,individuals/20260821/075-05.jpg,https://raw.githubusercontent.com/chandlersimon/pokemon-ebay-images/main/individuals/20260821/075-05.jpg
PKM-20260821-076,Italian,Pokemon Italian Fossil Psyduck 53/62 WOTC 1999-2000,76,1,5,IMG_6334.HEIC,individuals/20260821/076-01.jpg,https://raw.githubusercontent.com/chandlersimon/pokemon-ebay-images/main/individuals/20260821/076-01.jpg
PKM-20260821-076,Italian,Pokemon Italian Fossil Psyduck 53/62 WOTC 1999-2000,76,2,5,IMG_6335.HEIC,individuals/20260821/076-02.jpg,https://raw.githubusercontent.com/chandlersimon/pokemon-ebay-images/main/individuals/20260821/076-02.jpg
PKM-20260821-076,Italian,Pokemon Italian Fossil Psyduck 53/62 WOTC 1999-2000,76,3,5,IMG_6336.HEIC,individuals/20260821/076-03.jpg,https://raw.githubusercontent.com/chandlersimon/pokemon-ebay-images/main/individuals/20260821/076-03.jpg
PKM-20260821-076,Italian,Pokemon Italian Fossil Psyduck 53/62 WOTC 1999-2000,76,4,5,IMG_6337.HEIC,individuals/20260821/076-04.jpg,https://raw.githubusercontent.com/chandlersimon/pokemon-ebay-images/main/individuals/20260821/076-04.jpg
PKM-20260821-076,Italian,Pokemon Italian Fossil Psyduck 53/62 WOTC 1999-2000,76,5,5,IMG_6338.HEIC,individuals/20260821/076-05.jpg,https://raw.githubusercontent.com/chandlersimon/pokemon-ebay-images/main/individuals/20260821/076-05.jpg
PKM-20260821-077,Italian,Pokemon Italian Team Rocket Magikarp 47/82 WOTC 2000,77,1,5,IMG_6339.HEIC,individuals/20260821/077-01.jpg,https://raw.githubusercontent.com/chandlersimon/pokemon-ebay-images/main/individuals/20260821/077-01.jpg
PKM-20260821-077,Italian,Pokemon Italian Team Rocket Magikarp 47/82 WOTC 2000,77,2,5,IMG_6340.HEIC,individuals/20260821/077-02.jpg,https://raw.githubusercontent.com/chandlersimon/pokemon-ebay-images/main/individuals/20260821/077-02.jpg
PKM-20260821-077,Italian,Pokemon Italian Team Rocket Magikarp 47/82 WOTC 2000,77,3,5,IMG_6341.HEIC,individuals/20260821/077-03.jpg,https://raw.githubusercontent.com/chandlersimon/pokemon-ebay-images/main/individuals/20260821/077-03.jpg
PKM-20260821-077,Italian,Pokemon Italian Team Rocket Magikarp 47/82 WOTC 2000,77,4,5,IMG_6342.HEIC,individuals/20260821/077-04.jpg,https://raw.githubusercontent.com/chandlersimon/pokemon-ebay-images/main/individuals/20260821/077-04.jpg
PKM-20260821-077,Italian,Pokemon Italian Team Rocket Magikarp 47/82 WOTC 2000,77,5,5,IMG_6343.HEIC,individuals/20260821/077-05.jpg,https://raw.githubusercontent.com/chandlersimon/pokemon-ebay-images/main/individuals/20260821/077-05.jpg
PKM-20260821-078,Italian,Pokemon Italian Team Rocket Dark Wartortle 46/82 WOTC 2000,78,1,5,IMG_6344.HEIC,individuals/20260821/078-01.jpg,https://raw.githubusercontent.com/chandlersimon/pokemon-ebay-images/main/individuals/20260821/078-01.jpg
PKM-20260821-078,Italian,Pokemon Italian Team Rocket Dark Wartortle 46/82 WOTC 2000,78,2,5,IMG_6345.HEIC,individuals/20260821/078-02.jpg,https://raw.githubusercontent.com/chandlersimon/pokemon-ebay-images/main/individuals/20260821/078-02.jpg
PKM-20260821-078,Italian,Pokemon Italian Team Rocket Dark Wartortle 46/82 WOTC 2000,78,3,5,IMG_6346.HEIC,individuals/20260821/078-03.jpg,https://raw.githubusercontent.com/chandlersimon/pokemon-ebay-images/main/individuals/20260821/078-03.jpg
PKM-20260821-078,Italian,Pokemon Italian Team Rocket Dark Wartortle 46/82 WOTC 2000,78,4,5,IMG_6347.HEIC,individuals/20260821/078-04.jpg,https://raw.githubusercontent.com/chandlersimon/pokemon-ebay-images/main/individuals/20260821/078-04.jpg
PKM-20260821-078,Italian,Pokemon Italian Team Rocket Dark Wartortle 46/82 WOTC 2000,78,5,5,IMG_6348.HEIC,individuals/20260821/078-05.jpg,https://raw.githubusercontent.com/chandlersimon/pokemon-ebay-images/main/individuals/20260821/078-05.jpg
PKM-20260821-079,Italian,Pokemon Italian Team Rocket Dark Vaporeon 45/82 WOTC 2000,79,1,5,IMG_6349.HEIC,individuals/20260821/079-01.jpg,https://raw.githubusercontent.com/chandlersimon/pokemon-ebay-images/main/individuals/20260821/079-01.jpg
PKM-20260821-079,Italian,Pokemon Italian Team Rocket Dark Vaporeon 45/82 WOTC 2000,79,2,5,IMG_6350.HEIC,individuals/20260821/079-02.jpg,https://raw.githubusercontent.com/chandlersimon/pokemon-ebay-images/main/individuals/20260821/079-02.jpg
PKM-20260821-079,Italian,Pokemon Italian Team Rocket Dark Vaporeon 45/82 WOTC 2000,79,3,5,IMG_6351.HEIC,individuals/20260821/079-03.jpg,https://raw.githubusercontent.com/chandlersimon/pokemon-ebay-images/main/individuals/20260821/079-03.jpg
PKM-20260821-079,Italian,Pokemon Italian Team Rocket Dark Vaporeon 45/82 WOTC 2000,79,4,5,IMG_6352.HEIC,individuals/20260821/079-04.jpg,https://raw.githubusercontent.com/chandlersimon/pokemon-ebay-images/main/individuals/20260821/079-04.jpg
PKM-20260821-079,Italian,Pokemon Italian Team Rocket Dark Vaporeon 45/82 WOTC 2000,79,5,5,IMG_6353.HEIC,individuals/20260821/079-05.jpg,https://raw.githubusercontent.com/chandlersimon/pokemon-ebay-images/main/individuals/20260821/079-05.jpg
PKM-20260821-080,Italian,Pokemon Italian Base Set Kadabra 32/102 WOTC 1999-2000,80,1,5,IMG_6354.HEIC,individuals/20260821/080-01.jpg,https://raw.githubusercontent.com/chandlersimon/pokemon-ebay-images/main/individuals/20260821/080-01.jpg
PKM-20260821-080,Italian,Pokemon Italian Base Set Kadabra 32/102 WOTC 1999-2000,80,2,5,IMG_6355.HEIC,individuals/20260821/080-02.jpg,https://raw.githubusercontent.com/chandlersimon/pokemon-ebay-images/main/individuals/20260821/080-02.jpg
PKM-20260821-080,Italian,Pokemon Italian Base Set Kadabra 32/102 WOTC 1999-2000,80,3,5,IMG_6356.HEIC,individuals/20260821/080-03.jpg,https://raw.githubusercontent.com/chandlersimon/pokemon-ebay-images/main/individuals/20260821/080-03.jpg
PKM-20260821-080,Italian,Pokemon Italian Base Set Kadabra 32/102 WOTC 1999-2000,80,4,5,IMG_6357.HEIC,individuals/20260821/080-04.jpg,https://raw.githubusercontent.com/chandlersimon/pokemon-ebay-images/main/individuals/20260821/080-04.jpg
PKM-20260821-080,Italian,Pokemon Italian Base Set Kadabra 32/102 WOTC 1999-2000,80,5,5,IMG_6358.HEIC,individuals/20260821/080-05.jpg,https://raw.githubusercontent.com/chandlersimon/pokemon-ebay-images/main/individuals/20260821/080-05.jpg
PKM-20260821-081,Italian,Pokemon Italian Team Rocket Dark Dugtrio 23/82 WOTC 2000,81,1,5,IMG_6359.HEIC,individuals/20260821/081-01.jpg,https://raw.githubusercontent.com/chandlersimon/pokemon-ebay-images/main/individuals/20260821/081-01.jpg
PKM-20260821-081,Italian,Pokemon Italian Team Rocket Dark Dugtrio 23/82 WOTC 2000,81,2,5,IMG_6360.HEIC,individuals/20260821/081-02.jpg,https://raw.githubusercontent.com/chandlersimon/pokemon-ebay-images/main/individuals/20260821/081-02.jpg
PKM-20260821-081,Italian,Pokemon Italian Team Rocket Dark Dugtrio 23/82 WOTC 2000,81,3,5,IMG_6361.HEIC,individuals/20260821/081-03.jpg,https://raw.githubusercontent.com/chandlersimon/pokemon-ebay-images/main/individuals/20260821/081-03.jpg
PKM-20260821-081,Italian,Pokemon Italian Team Rocket Dark Dugtrio 23/82 WOTC 2000,81,4,5,IMG_6362.HEIC,individuals/20260821/081-04.jpg,https://raw.githubusercontent.com/chandlersimon/pokemon-ebay-images/main/individuals/20260821/081-04.jpg
PKM-20260821-081,Italian,Pokemon Italian Team Rocket Dark Dugtrio 23/82 WOTC 2000,81,5,5,IMG_6363.HEIC,individuals/20260821/081-05.jpg,https://raw.githubusercontent.com/chandlersimon/pokemon-ebay-images/main/individuals/20260821/081-05.jpg
PKM-20260821-082,Italian,Pokemon Italian Base Set Vulpix 68/102 WOTC 1999-2000,82,1,5,IMG_6364.HEIC,individuals/20260821/082-01.jpg,https://raw.githubusercontent.com/chandlersimon/pokemon-ebay-images/main/individuals/20260821/082-01.jpg
PKM-20260821-082,Italian,Pokemon Italian Base Set Vulpix 68/102 WOTC 1999-2000,82,2,5,IMG_6365.HEIC,individuals/20260821/082-02.jpg,https://raw.githubusercontent.com/chandlersimon/pokemon-ebay-images/main/individuals/20260821/082-02.jpg
PKM-20260821-082,Italian,Pokemon Italian Base Set Vulpix 68/102 WOTC 1999-2000,82,3,5,IMG_6366.HEIC,individuals/20260821/082-03.jpg,https://raw.githubusercontent.com/chandlersimon/pokemon-ebay-images/main/individuals/20260821/082-03.jpg
PKM-20260821-082,Italian,Pokemon Italian Base Set Vulpix 68/102 WOTC 1999-2000,82,4,5,IMG_6367.HEIC,individuals/20260821/082-04.jpg,https://raw.githubusercontent.com/chandlersimon/pokemon-ebay-images/main/individuals/20260821/082-04.jpg
PKM-20260821-082,Italian,Pokemon Italian Base Set Vulpix 68/102 WOTC 1999-2000,82,5,5,IMG_6368.HEIC,individuals/20260821/082-05.jpg,https://raw.githubusercontent.com/chandlersimon/pokemon-ebay-images/main/individuals/20260821/082-05.jpg
PKM-20260821-083,Italian,Pokemon Italian Team Rocket Dark Charmeleon 32/82 WOTC 2000,83,1,5,IMG_6369.HEIC,individuals/20260821/083-01.jpg,https://raw.githubusercontent.com/chandlersimon/pokemon-ebay-images/main/individuals/20260821/083-01.jpg
PKM-20260821-083,Italian,Pokemon Italian Team Rocket Dark Charmeleon 32/82 WOTC 2000,83,2,5,IMG_6370.HEIC,individuals/20260821/083-02.jpg,https://raw.githubusercontent.com/chandlersimon/pokemon-ebay-images/main/individuals/20260821/083-02.jpg
PKM-20260821-083,Italian,Pokemon Italian Team Rocket Dark Charmeleon 32/82 WOTC 2000,83,3,5,IMG_6371.HEIC,individuals/20260821/083-03.jpg,https://raw.githubusercontent.com/chandlersimon/pokemon-ebay-images/main/individuals/20260821/083-03.jpg
PKM-20260821-083,Italian,Pokemon Italian Team Rocket Dark Charmeleon 32/82 WOTC 2000,83,4,5,IMG_6372.HEIC,individuals/20260821/083-04.jpg,https://raw.githubusercontent.com/chandlersimon/pokemon-ebay-images/main/individuals/20260821/083-04.jpg
PKM-20260821-083,Italian,Pokemon Italian Team Rocket Dark Charmeleon 32/82 WOTC 2000,83,5,5,IMG_6373.HEIC,individuals/20260821/083-05.jpg,https://raw.githubusercontent.com/chandlersimon/pokemon-ebay-images/main/individuals/20260821/083-05.jpg
PKM-20260821-084,Electric,Pokemon EX Dragon Mareep 64/97 2003,84,1,5,IMG_6438.HEIC,individuals/20260821/084-01.jpg,https://raw.githubusercontent.com/chandlersimon/pokemon-ebay-images/main/individuals/20260821/084-01.jpg
PKM-20260821-084,Electric,Pokemon EX Dragon Mareep 64/97 2003,84,2,5,IMG_6439.HEIC,individuals/20260821/084-02.jpg,https://raw.githubusercontent.com/chandlersimon/pokemon-ebay-images/main/individuals/20260821/084-02.jpg
PKM-20260821-084,Electric,Pokemon EX Dragon Mareep 64/97 2003,84,3,5,IMG_6440.HEIC,individuals/20260821/084-03.jpg,https://raw.githubusercontent.com/chandlersimon/pokemon-ebay-images/main/individuals/20260821/084-03.jpg
PKM-20260821-084,Electric,Pokemon EX Dragon Mareep 64/97 2003,84,4,5,IMG_6441.HEIC,individuals/20260821/084-04.jpg,https://raw.githubusercontent.com/chandlersimon/pokemon-ebay-images/main/individuals/20260821/084-04.jpg
PKM-20260821-084,Electric,Pokemon EX Dragon Mareep 64/97 2003,84,5,5,IMG_6442.HEIC,individuals/20260821/084-05.jpg,https://raw.githubusercontent.com/chandlersimon/pokemon-ebay-images/main/individuals/20260821/084-05.jpg
PKM-20260821-085,Electric,Pokemon Holon Phantoms Pidgeotto Delta Species 49/110 2006,85,1,5,IMG_6443.HEIC,individuals/20260821/085-01.jpg,https://raw.githubusercontent.com/chandlersimon/pokemon-ebay-images/main/individuals/20260821/085-01.jpg
PKM-20260821-085,Electric,Pokemon Holon Phantoms Pidgeotto Delta Species 49/110 2006,85,2,5,IMG_6444.HEIC,individuals/20260821/085-02.jpg,https://raw.githubusercontent.com/chandlersimon/pokemon-ebay-images/main/individuals/20260821/085-02.jpg
PKM-20260821-085,Electric,Pokemon Holon Phantoms Pidgeotto Delta Species 49/110 2006,85,3,5,IMG_6445.HEIC,individuals/20260821/085-03.jpg,https://raw.githubusercontent.com/chandlersimon/pokemon-ebay-images/main/individuals/20260821/085-03.jpg
PKM-20260821-085,Electric,Pokemon Holon Phantoms Pidgeotto Delta Species 49/110 2006,85,4,5,IMG_6446.HEIC,individuals/20260821/085-04.jpg,https://raw.githubusercontent.com/chandlersimon/pokemon-ebay-images/main/individuals/20260821/085-04.jpg
PKM-20260821-085,Electric,Pokemon Holon Phantoms Pidgeotto Delta Species 49/110 2006,85,5,5,IMG_6447.HEIC,individuals/20260821/085-05.jpg,https://raw.githubusercontent.com/chandlersimon/pokemon-ebay-images/main/individuals/20260821/085-05.jpg
PKM-20260821-086,Electric,Pokemon Expedition Electabuzz 76/165 WOTC E-Reader 2002,86,1,5,IMG_6448.HEIC,individuals/20260821/086-01.jpg,https://raw.githubusercontent.com/chandlersimon/pokemon-ebay-images/main/individuals/20260821/086-01.jpg
PKM-20260821-086,Electric,Pokemon Expedition Electabuzz 76/165 WOTC E-Reader 2002,86,2,5,IMG_6449.HEIC,individuals/20260821/086-02.jpg,https://raw.githubusercontent.com/chandlersimon/pokemon-ebay-images/main/individuals/20260821/086-02.jpg
PKM-20260821-086,Electric,Pokemon Expedition Electabuzz 76/165 WOTC E-Reader 2002,86,3,5,IMG_6450.HEIC,individuals/20260821/086-03.jpg,https://raw.githubusercontent.com/chandlersimon/pokemon-ebay-images/main/individuals/20260821/086-03.jpg
PKM-20260821-086,Electric,Pokemon Expedition Electabuzz 76/165 WOTC E-Reader 2002,86,4,5,IMG_6451.HEIC,individuals/20260821/086-04.jpg,https://raw.githubusercontent.com/chandlersimon/pokemon-ebay-images/main/individuals/20260821/086-04.jpg
PKM-20260821-086,Electric,Pokemon Expedition Electabuzz 76/165 WOTC E-Reader 2002,86,5,5,IMG_6452.HEIC,individuals/20260821/086-05.jpg,https://raw.githubusercontent.com/chandlersimon/pokemon-ebay-images/main/individuals/20260821/086-05.jpg
PKM-20260821-087,Electric,Pokemon Neo Revelation Flaaffy 28/64 WOTC 2001,87,1,5,IMG_6453.HEIC,individuals/20260821/087-01.jpg,https://raw.githubusercontent.com/chandlersimon/pokemon-ebay-images/main/individuals/20260821/087-01.jpg
PKM-20260821-087,Electric,Pokemon Neo Revelation Flaaffy 28/64 WOTC 2001,87,2,5,IMG_6454.HEIC,individuals/20260821/087-02.jpg,https://raw.githubusercontent.com/chandlersimon/pokemon-ebay-images/main/individuals/20260821/087-02.jpg
PKM-20260821-087,Electric,Pokemon Neo Revelation Flaaffy 28/64 WOTC 2001,87,3,5,IMG_6455.HEIC,individuals/20260821/087-03.jpg,https://raw.githubusercontent.com/chandlersimon/pokemon-ebay-images/main/individuals/20260821/087-03.jpg
PKM-20260821-087,Electric,Pokemon Neo Revelation Flaaffy 28/64 WOTC 2001,87,4,5,IMG_6456.HEIC,individuals/20260821/087-04.jpg,https://raw.githubusercontent.com/chandlersimon/pokemon-ebay-images/main/individuals/20260821/087-04.jpg
PKM-20260821-087,Electric,Pokemon Neo Revelation Flaaffy 28/64 WOTC 2001,87,5,5,IMG_6457.HEIC,individuals/20260821/087-05.jpg,https://raw.githubusercontent.com/chandlersimon/pokemon-ebay-images/main/individuals/20260821/087-05.jpg
PKM-20260821-088,Electric,Pokemon Power Keepers Magneton 16/108 EX 2007,88,1,5,IMG_6458.HEIC,individuals/20260821/088-01.jpg,https://raw.githubusercontent.com/chandlersimon/pokemon-ebay-images/main/individuals/20260821/088-01.jpg
PKM-20260821-088,Electric,Pokemon Power Keepers Magneton 16/108 EX 2007,88,2,5,IMG_6459.HEIC,individuals/20260821/088-02.jpg,https://raw.githubusercontent.com/chandlersimon/pokemon-ebay-images/main/individuals/20260821/088-02.jpg
PKM-20260821-088,Electric,Pokemon Power Keepers Magneton 16/108 EX 2007,88,3,5,IMG_6460.HEIC,individuals/20260821/088-03.jpg,https://raw.githubusercontent.com/chandlersimon/pokemon-ebay-images/main/individuals/20260821/088-03.jpg
PKM-20260821-088,Electric,Pokemon Power Keepers Magneton 16/108 EX 2007,88,4,5,IMG_6461.HEIC,individuals/20260821/088-04.jpg,https://raw.githubusercontent.com/chandlersimon/pokemon-ebay-images/main/individuals/20260821/088-04.jpg
PKM-20260821-088,Electric,Pokemon Power Keepers Magneton 16/108 EX 2007,88,5,5,IMG_6462.HEIC,individuals/20260821/088-05.jpg,https://raw.githubusercontent.com/chandlersimon/pokemon-ebay-images/main/individuals/20260821/088-05.jpg
PKM-20260821-089,Electric,Pokemon Expedition Mareep 119/165 WOTC E-Reader 2002,89,1,5,IMG_6463.HEIC,individuals/20260821/089-01.jpg,https://raw.githubusercontent.com/chandlersimon/pokemon-ebay-images/main/individuals/20260821/089-01.jpg
PKM-20260821-089,Electric,Pokemon Expedition Mareep 119/165 WOTC E-Reader 2002,89,2,5,IMG_6464.HEIC,individuals/20260821/089-02.jpg,https://raw.githubusercontent.com/chandlersimon/pokemon-ebay-images/main/individuals/20260821/089-02.jpg
PKM-20260821-089,Electric,Pokemon Expedition Mareep 119/165 WOTC E-Reader 2002,89,3,5,IMG_6465.HEIC,individuals/20260821/089-03.jpg,https://raw.githubusercontent.com/chandlersimon/pokemon-ebay-images/main/individuals/20260821/089-03.jpg
PKM-20260821-089,Electric,Pokemon Expedition Mareep 119/165 WOTC E-Reader 2002,89,4,5,IMG_6466.HEIC,individuals/20260821/089-04.jpg,https://raw.githubusercontent.com/chandlersimon/pokemon-ebay-images/main/individuals/20260821/089-04.jpg
PKM-20260821-089,Electric,Pokemon Expedition Mareep 119/165 WOTC E-Reader 2002,89,5,5,IMG_6467.HEIC,individuals/20260821/089-05.jpg,https://raw.githubusercontent.com/chandlersimon/pokemon-ebay-images/main/individuals/20260821/089-05.jpg
PKM-20260821-090,Electric,Pokemon Neo Genesis Flaaffy 34/111 WOTC 2000,90,1,5,IMG_6468.HEIC,individuals/20260821/090-01.jpg,https://raw.githubusercontent.com/chandlersimon/pokemon-ebay-images/main/individuals/20260821/090-01.jpg
PKM-20260821-090,Electric,Pokemon Neo Genesis Flaaffy 34/111 WOTC 2000,90,2,5,IMG_6469.HEIC,individuals/20260821/090-02.jpg,https://raw.githubusercontent.com/chandlersimon/pokemon-ebay-images/main/individuals/20260821/090-02.jpg
PKM-20260821-090,Electric,Pokemon Neo Genesis Flaaffy 34/111 WOTC 2000,90,3,5,IMG_6470.HEIC,individuals/20260821/090-03.jpg,https://raw.githubusercontent.com/chandlersimon/pokemon-ebay-images/main/individuals/20260821/090-03.jpg
PKM-20260821-090,Electric,Pokemon Neo Genesis Flaaffy 34/111 WOTC 2000,90,4,5,IMG_6471.HEIC,individuals/20260821/090-04.jpg,https://raw.githubusercontent.com/chandlersimon/pokemon-ebay-images/main/individuals/20260821/090-04.jpg
PKM-20260821-090,Electric,Pokemon Neo Genesis Flaaffy 34/111 WOTC 2000,90,5,5,IMG_6472.HEIC,individuals/20260821/090-05.jpg,https://raw.githubusercontent.com/chandlersimon/pokemon-ebay-images/main/individuals/20260821/090-05.jpg
PKM-20260821-091,Electric,Pokemon Gym Heroes Lt. Surge's Magnemite 80/132 WOTC 2000,91,1,5,IMG_6473.HEIC,individuals/20260821/091-01.jpg,https://raw.githubusercontent.com/chandlersimon/pokemon-ebay-images/main/individuals/20260821/091-01.jpg
PKM-20260821-091,Electric,Pokemon Gym Heroes Lt. Surge's Magnemite 80/132 WOTC 2000,91,2,5,IMG_6474.HEIC,individuals/20260821/091-02.jpg,https://raw.githubusercontent.com/chandlersimon/pokemon-ebay-images/main/individuals/20260821/091-02.jpg
PKM-20260821-091,Electric,Pokemon Gym Heroes Lt. Surge's Magnemite 80/132 WOTC 2000,91,3,5,IMG_6475.HEIC,individuals/20260821/091-03.jpg,https://raw.githubusercontent.com/chandlersimon/pokemon-ebay-images/main/individuals/20260821/091-03.jpg
PKM-20260821-091,Electric,Pokemon Gym Heroes Lt. Surge's Magnemite 80/132 WOTC 2000,91,4,5,IMG_6476.HEIC,individuals/20260821/091-04.jpg,https://raw.githubusercontent.com/chandlersimon/pokemon-ebay-images/main/individuals/20260821/091-04.jpg
PKM-20260821-091,Electric,Pokemon Gym Heroes Lt. Surge's Magnemite 80/132 WOTC 2000,91,5,5,IMG_6477.HEIC,individuals/20260821/091-05.jpg,https://raw.githubusercontent.com/chandlersimon/pokemon-ebay-images/main/individuals/20260821/091-05.jpg
PKM-20260821-092,Electric,Pokemon EX Dragon Mareep 64/97 2003,92,1,5,IMG_6478.HEIC,individuals/20260821/092-01.jpg,https://raw.githubusercontent.com/chandlersimon/pokemon-ebay-images/main/individuals/20260821/092-01.jpg
PKM-20260821-092,Electric,Pokemon EX Dragon Mareep 64/97 2003,92,2,5,IMG_6479.HEIC,individuals/20260821/092-02.jpg,https://raw.githubusercontent.com/chandlersimon/pokemon-ebay-images/main/individuals/20260821/092-02.jpg
PKM-20260821-092,Electric,Pokemon EX Dragon Mareep 64/97 2003,92,3,5,IMG_6480.HEIC,individuals/20260821/092-03.jpg,https://raw.githubusercontent.com/chandlersimon/pokemon-ebay-images/main/individuals/20260821/092-03.jpg
PKM-20260821-092,Electric,Pokemon EX Dragon Mareep 64/97 2003,92,4,5,IMG_6481.HEIC,individuals/20260821/092-04.jpg,https://raw.githubusercontent.com/chandlersimon/pokemon-ebay-images/main/individuals/20260821/092-04.jpg
PKM-20260821-092,Electric,Pokemon EX Dragon Mareep 64/97 2003,92,5,5,IMG_6482.HEIC,individuals/20260821/092-05.jpg,https://raw.githubusercontent.com/chandlersimon/pokemon-ebay-images/main/individuals/20260821/092-05.jpg
PKM-20260821-093,Electric,Pokemon Crystal Guardians Charmander Delta Species 49/100 2006,93,1,5,IMG_6483.HEIC,individuals/20260821/093-01.jpg,https://raw.githubusercontent.com/chandlersimon/pokemon-ebay-images/main/individuals/20260821/093-01.jpg
PKM-20260821-093,Electric,Pokemon Crystal Guardians Charmander Delta Species 49/100 2006,93,2,5,IMG_6484.HEIC,individuals/20260821/093-02.jpg,https://raw.githubusercontent.com/chandlersimon/pokemon-ebay-images/main/individuals/20260821/093-02.jpg
PKM-20260821-093,Electric,Pokemon Crystal Guardians Charmander Delta Species 49/100 2006,93,3,5,IMG_6485.HEIC,individuals/20260821/093-03.jpg,https://raw.githubusercontent.com/chandlersimon/pokemon-ebay-images/main/individuals/20260821/093-03.jpg
PKM-20260821-093,Electric,Pokemon Crystal Guardians Charmander Delta Species 49/100 2006,93,4,5,IMG_6486.HEIC,individuals/20260821/093-04.jpg,https://raw.githubusercontent.com/chandlersimon/pokemon-ebay-images/main/individuals/20260821/093-04.jpg
PKM-20260821-093,Electric,Pokemon Crystal Guardians Charmander Delta Species 49/100 2006,93,5,5,IMG_6487.HEIC,individuals/20260821/093-05.jpg,https://raw.githubusercontent.com/chandlersimon/pokemon-ebay-images/main/individuals/20260821/093-05.jpg
PKM-20260821-094,Electric,Pokemon Neo Destiny Mareep 75/105 WOTC 2002,94,1,5,IMG_6488.HEIC,individuals/20260821/094-01.jpg,https://raw.githubusercontent.com/chandlersimon/pokemon-ebay-images/main/individuals/20260821/094-01.jpg
PKM-20260821-094,Electric,Pokemon Neo Destiny Mareep 75/105 WOTC 2002,94,2,5,IMG_6489.HEIC,individuals/20260821/094-02.jpg,https://raw.githubusercontent.com/chandlersimon/pokemon-ebay-images/main/individuals/20260821/094-02.jpg
PKM-20260821-094,Electric,Pokemon Neo Destiny Mareep 75/105 WOTC 2002,94,3,5,IMG_6490.HEIC,individuals/20260821/094-03.jpg,https://raw.githubusercontent.com/chandlersimon/pokemon-ebay-images/main/individuals/20260821/094-03.jpg
PKM-20260821-094,Electric,Pokemon Neo Destiny Mareep 75/105 WOTC 2002,94,4,5,IMG_6491.HEIC,individuals/20260821/094-04.jpg,https://raw.githubusercontent.com/chandlersimon/pokemon-ebay-images/main/individuals/20260821/094-04.jpg
PKM-20260821-094,Electric,Pokemon Neo Destiny Mareep 75/105 WOTC 2002,94,5,5,IMG_6492.HEIC,individuals/20260821/094-05.jpg,https://raw.githubusercontent.com/chandlersimon/pokemon-ebay-images/main/individuals/20260821/094-05.jpg
PKM-20260821-095,Electric,Pokemon Expedition Electabuzz 76/165 WOTC E-Reader 2002,95,1,5,IMG_6493.HEIC,individuals/20260821/095-01.jpg,https://raw.githubusercontent.com/chandlersimon/pokemon-ebay-images/main/individuals/20260821/095-01.jpg
PKM-20260821-095,Electric,Pokemon Expedition Electabuzz 76/165 WOTC E-Reader 2002,95,2,5,IMG_6494.HEIC,individuals/20260821/095-02.jpg,https://raw.githubusercontent.com/chandlersimon/pokemon-ebay-images/main/individuals/20260821/095-02.jpg
PKM-20260821-095,Electric,Pokemon Expedition Electabuzz 76/165 WOTC E-Reader 2002,95,3,5,IMG_6495.HEIC,individuals/20260821/095-03.jpg,https://raw.githubusercontent.com/chandlersimon/pokemon-ebay-images/main/individuals/20260821/095-03.jpg
PKM-20260821-095,Electric,Pokemon Expedition Electabuzz 76/165 WOTC E-Reader 2002,95,4,5,IMG_6496.HEIC,individuals/20260821/095-04.jpg,https://raw.githubusercontent.com/chandlersimon/pokemon-ebay-images/main/individuals/20260821/095-04.jpg
PKM-20260821-095,Electric,Pokemon Expedition Electabuzz 76/165 WOTC E-Reader 2002,95,5,5,IMG_6497.HEIC,individuals/20260821/095-05.jpg,https://raw.githubusercontent.com/chandlersimon/pokemon-ebay-images/main/individuals/20260821/095-05.jpg
PKM-20260821-096,Electric,Pokemon EX Dragon Flaaffy 27/97 2003,96,1,5,IMG_6501.HEIC,individuals/20260821/096-01.jpg,https://raw.githubusercontent.com/chandlersimon/pokemon-ebay-images/main/individuals/20260821/096-01.jpg
PKM-20260821-096,Electric,Pokemon EX Dragon Flaaffy 27/97 2003,96,2,5,IMG_6502.HEIC,individuals/20260821/096-02.jpg,https://raw.githubusercontent.com/chandlersimon/pokemon-ebay-images/main/individuals/20260821/096-02.jpg
PKM-20260821-096,Electric,Pokemon EX Dragon Flaaffy 27/97 2003,96,3,5,IMG_6503.HEIC,individuals/20260821/096-03.jpg,https://raw.githubusercontent.com/chandlersimon/pokemon-ebay-images/main/individuals/20260821/096-03.jpg
PKM-20260821-096,Electric,Pokemon EX Dragon Flaaffy 27/97 2003,96,4,5,IMG_6504.HEIC,individuals/20260821/096-04.jpg,https://raw.githubusercontent.com/chandlersimon/pokemon-ebay-images/main/individuals/20260821/096-04.jpg
PKM-20260821-096,Electric,Pokemon EX Dragon Flaaffy 27/97 2003,96,5,5,IMG_6505.HEIC,individuals/20260821/096-05.jpg,https://raw.githubusercontent.com/chandlersimon/pokemon-ebay-images/main/individuals/20260821/096-05.jpg
PKM-20260821-097,Electric,Pokemon Aquapolis Mareep 93/147 WOTC E-Reader 2003,97,1,5,IMG_6506.HEIC,individuals/20260821/097-01.jpg,https://raw.githubusercontent.com/chandlersimon/pokemon-ebay-images/main/individuals/20260821/097-01.jpg
PKM-20260821-097,Electric,Pokemon Aquapolis Mareep 93/147 WOTC E-Reader 2003,97,2,5,IMG_6507.HEIC,individuals/20260821/097-02.jpg,https://raw.githubusercontent.com/chandlersimon/pokemon-ebay-images/main/individuals/20260821/097-02.jpg
PKM-20260821-097,Electric,Pokemon Aquapolis Mareep 93/147 WOTC E-Reader 2003,97,3,5,IMG_6508.HEIC,individuals/20260821/097-03.jpg,https://raw.githubusercontent.com/chandlersimon/pokemon-ebay-images/main/individuals/20260821/097-03.jpg
PKM-20260821-097,Electric,Pokemon Aquapolis Mareep 93/147 WOTC E-Reader 2003,97,4,5,IMG_6509.HEIC,individuals/20260821/097-04.jpg,https://raw.githubusercontent.com/chandlersimon/pokemon-ebay-images/main/individuals/20260821/097-04.jpg
PKM-20260821-097,Electric,Pokemon Aquapolis Mareep 93/147 WOTC E-Reader 2003,97,5,5,IMG_6510.HEIC,individuals/20260821/097-05.jpg,https://raw.githubusercontent.com/chandlersimon/pokemon-ebay-images/main/individuals/20260821/097-05.jpg
PKM-20260821-098,Electric,Pokemon Diamond Pearl Shinx Reverse Holo 98/130 2007,98,1,5,IMG_6511.HEIC,individuals/20260821/098-01.jpg,https://raw.githubusercontent.com/chandlersimon/pokemon-ebay-images/main/individuals/20260821/098-01.jpg
PKM-20260821-098,Electric,Pokemon Diamond Pearl Shinx Reverse Holo 98/130 2007,98,2,5,IMG_6512.HEIC,individuals/20260821/098-02.jpg,https://raw.githubusercontent.com/chandlersimon/pokemon-ebay-images/main/individuals/20260821/098-02.jpg
PKM-20260821-098,Electric,Pokemon Diamond Pearl Shinx Reverse Holo 98/130 2007,98,3,5,IMG_6513.HEIC,individuals/20260821/098-03.jpg,https://raw.githubusercontent.com/chandlersimon/pokemon-ebay-images/main/individuals/20260821/098-03.jpg
PKM-20260821-098,Electric,Pokemon Diamond Pearl Shinx Reverse Holo 98/130 2007,98,4,5,IMG_6514.HEIC,individuals/20260821/098-04.jpg,https://raw.githubusercontent.com/chandlersimon/pokemon-ebay-images/main/individuals/20260821/098-04.jpg
PKM-20260821-098,Electric,Pokemon Diamond Pearl Shinx Reverse Holo 98/130 2007,98,5,5,IMG_6515.HEIC,individuals/20260821/098-05.jpg,https://raw.githubusercontent.com/chandlersimon/pokemon-ebay-images/main/individuals/20260821/098-05.jpg
PKM-20260821-099,Fire,Pokemon FireRed LeafGreen Charmeleon 31/112 EX 2004,99,1,5,IMG_6516.HEIC,individuals/20260821/099-01.jpg,https://raw.githubusercontent.com/chandlersimon/pokemon-ebay-images/main/individuals/20260821/099-01.jpg
PKM-20260821-099,Fire,Pokemon FireRed LeafGreen Charmeleon 31/112 EX 2004,99,2,5,IMG_6517.HEIC,individuals/20260821/099-02.jpg,https://raw.githubusercontent.com/chandlersimon/pokemon-ebay-images/main/individuals/20260821/099-02.jpg
PKM-20260821-099,Fire,Pokemon FireRed LeafGreen Charmeleon 31/112 EX 2004,99,3,5,IMG_6518.HEIC,individuals/20260821/099-03.jpg,https://raw.githubusercontent.com/chandlersimon/pokemon-ebay-images/main/individuals/20260821/099-03.jpg
PKM-20260821-099,Fire,Pokemon FireRed LeafGreen Charmeleon 31/112 EX 2004,99,4,5,IMG_6519.HEIC,individuals/20260821/099-04.jpg,https://raw.githubusercontent.com/chandlersimon/pokemon-ebay-images/main/individuals/20260821/099-04.jpg
PKM-20260821-099,Fire,Pokemon FireRed LeafGreen Charmeleon 31/112 EX 2004,99,5,5,IMG_6520.HEIC,individuals/20260821/099-05.jpg,https://raw.githubusercontent.com/chandlersimon/pokemon-ebay-images/main/individuals/20260821/099-05.jpg
PKM-20260821-100,Fire,Pokemon FireRed LeafGreen Charmeleon 31/112 EX 2004,100,1,5,IMG_6521.HEIC,individuals/20260821/100-01.jpg,https://raw.githubusercontent.com/chandlersimon/pokemon-ebay-images/main/individuals/20260821/100-01.jpg
PKM-20260821-100,Fire,Pokemon FireRed LeafGreen Charmeleon 31/112 EX 2004,100,2,5,IMG_6522.HEIC,individuals/20260821/100-02.jpg,https://raw.githubusercontent.com/chandlersimon/pokemon-ebay-images/main/individuals/20260821/100-02.jpg
PKM-20260821-100,Fire,Pokemon FireRed LeafGreen Charmeleon 31/112 EX 2004,100,3,5,IMG_6523.HEIC,individuals/20260821/100-03.jpg,https://raw.githubusercontent.com/chandlersimon/pokemon-ebay-images/main/individuals/20260821/100-03.jpg
PKM-20260821-100,Fire,Pokemon FireRed LeafGreen Charmeleon 31/112 EX 2004,100,4,5,IMG_6524.HEIC,individuals/20260821/100-04.jpg,https://raw.githubusercontent.com/chandlersimon/pokemon-ebay-images/main/individuals/20260821/100-04.jpg
PKM-20260821-100,Fire,Pokemon FireRed LeafGreen Charmeleon 31/112 EX 2004,100,5,5,IMG_6525.HEIC,individuals/20260821/100-05.jpg,https://raw.githubusercontent.com/chandlersimon/pokemon-ebay-images/main/individuals/20260821/100-05.jpg
PKM-20260821-101,Fire,Pokemon EX Dragon Frontiers Swellow 40/101 2006,101,1,5,IMG_6526.HEIC,individuals/20260821/101-01.jpg,https://raw.githubusercontent.com/chandlersimon/pokemon-ebay-images/main/individuals/20260821/101-01.jpg
PKM-20260821-101,Fire,Pokemon EX Dragon Frontiers Swellow 40/101 2006,101,2,5,IMG_6527.HEIC,individuals/20260821/101-02.jpg,https://raw.githubusercontent.com/chandlersimon/pokemon-ebay-images/main/individuals/20260821/101-02.jpg
PKM-20260821-101,Fire,Pokemon EX Dragon Frontiers Swellow 40/101 2006,101,3,5,IMG_6528.HEIC,individuals/20260821/101-03.jpg,https://raw.githubusercontent.com/chandlersimon/pokemon-ebay-images/main/individuals/20260821/101-03.jpg
PKM-20260821-101,Fire,Pokemon EX Dragon Frontiers Swellow 40/101 2006,101,4,5,IMG_6529.HEIC,individuals/20260821/101-04.jpg,https://raw.githubusercontent.com/chandlersimon/pokemon-ebay-images/main/individuals/20260821/101-04.jpg
PKM-20260821-101,Fire,Pokemon EX Dragon Frontiers Swellow 40/101 2006,101,5,5,IMG_6530.HEIC,individuals/20260821/101-05.jpg,https://raw.githubusercontent.com/chandlersimon/pokemon-ebay-images/main/individuals/20260821/101-05.jpg
PKM-20260821-102,Fire,Pokemon EX Holon Phantoms Seadra 52/110 2006,102,1,5,IMG_6531.HEIC,individuals/20260821/102-01.jpg,https://raw.githubusercontent.com/chandlersimon/pokemon-ebay-images/main/individuals/20260821/102-01.jpg
PKM-20260821-102,Fire,Pokemon EX Holon Phantoms Seadra 52/110 2006,102,2,5,IMG_6532.HEIC,individuals/20260821/102-02.jpg,https://raw.githubusercontent.com/chandlersimon/pokemon-ebay-images/main/individuals/20260821/102-02.jpg
PKM-20260821-102,Fire,Pokemon EX Holon Phantoms Seadra 52/110 2006,102,3,5,IMG_6533.HEIC,individuals/20260821/102-03.jpg,https://raw.githubusercontent.com/chandlersimon/pokemon-ebay-images/main/individuals/20260821/102-03.jpg
PKM-20260821-102,Fire,Pokemon EX Holon Phantoms Seadra 52/110 2006,102,4,5,IMG_6534.HEIC,individuals/20260821/102-04.jpg,https://raw.githubusercontent.com/chandlersimon/pokemon-ebay-images/main/individuals/20260821/102-04.jpg
PKM-20260821-102,Fire,Pokemon EX Holon Phantoms Seadra 52/110 2006,102,5,5,IMG_6535.HEIC,individuals/20260821/102-05.jpg,https://raw.githubusercontent.com/chandlersimon/pokemon-ebay-images/main/individuals/20260821/102-05.jpg
PKM-20260821-103,Fire,Pokemon Base Set Magmar 36/102 WOTC 1999,103,1,5,IMG_6536.HEIC,individuals/20260821/103-01.jpg,https://raw.githubusercontent.com/chandlersimon/pokemon-ebay-images/main/individuals/20260821/103-01.jpg
PKM-20260821-103,Fire,Pokemon Base Set Magmar 36/102 WOTC 1999,103,2,5,IMG_6537.HEIC,individuals/20260821/103-02.jpg,https://raw.githubusercontent.com/chandlersimon/pokemon-ebay-images/main/individuals/20260821/103-02.jpg
PKM-20260821-103,Fire,Pokemon Base Set Magmar 36/102 WOTC 1999,103,3,5,IMG_6538.HEIC,individuals/20260821/103-03.jpg,https://raw.githubusercontent.com/chandlersimon/pokemon-ebay-images/main/individuals/20260821/103-03.jpg
PKM-20260821-103,Fire,Pokemon Base Set Magmar 36/102 WOTC 1999,103,4,5,IMG_6539.HEIC,individuals/20260821/103-04.jpg,https://raw.githubusercontent.com/chandlersimon/pokemon-ebay-images/main/individuals/20260821/103-04.jpg
PKM-20260821-103,Fire,Pokemon Base Set Magmar 36/102 WOTC 1999,103,5,5,IMG_6540.HEIC,individuals/20260821/103-05.jpg,https://raw.githubusercontent.com/chandlersimon/pokemon-ebay-images/main/individuals/20260821/103-05.jpg
PKM-20260821-104,Fire,Pokemon EX Sandstorm Cyndaquil 59/100 2003,104,1,5,IMG_6541.HEIC,individuals/20260821/104-01.jpg,https://raw.githubusercontent.com/chandlersimon/pokemon-ebay-images/main/individuals/20260821/104-01.jpg
PKM-20260821-104,Fire,Pokemon EX Sandstorm Cyndaquil 59/100 2003,104,2,5,IMG_6542.HEIC,individuals/20260821/104-02.jpg,https://raw.githubusercontent.com/chandlersimon/pokemon-ebay-images/main/individuals/20260821/104-02.jpg
PKM-20260821-104,Fire,Pokemon EX Sandstorm Cyndaquil 59/100 2003,104,3,5,IMG_6543.HEIC,individuals/20260821/104-03.jpg,https://raw.githubusercontent.com/chandlersimon/pokemon-ebay-images/main/individuals/20260821/104-03.jpg
PKM-20260821-104,Fire,Pokemon EX Sandstorm Cyndaquil 59/100 2003,104,4,5,IMG_6544.HEIC,individuals/20260821/104-04.jpg,https://raw.githubusercontent.com/chandlersimon/pokemon-ebay-images/main/individuals/20260821/104-04.jpg
PKM-20260821-104,Fire,Pokemon EX Sandstorm Cyndaquil 59/100 2003,104,5,5,IMG_6545.HEIC,individuals/20260821/104-05.jpg,https://raw.githubusercontent.com/chandlersimon/pokemon-ebay-images/main/individuals/20260821/104-05.jpg
PKM-20260821-105,Fire,Pokemon Gym Challenge Blaine's Rapidash 33/132 WOTC 2000,105,1,5,IMG_6546.HEIC,individuals/20260821/105-01.jpg,https://raw.githubusercontent.com/chandlersimon/pokemon-ebay-images/main/individuals/20260821/105-01.jpg
PKM-20260821-105,Fire,Pokemon Gym Challenge Blaine's Rapidash 33/132 WOTC 2000,105,2,5,IMG_6547.HEIC,individuals/20260821/105-02.jpg,https://raw.githubusercontent.com/chandlersimon/pokemon-ebay-images/main/individuals/20260821/105-02.jpg
PKM-20260821-105,Fire,Pokemon Gym Challenge Blaine's Rapidash 33/132 WOTC 2000,105,3,5,IMG_6548.HEIC,individuals/20260821/105-03.jpg,https://raw.githubusercontent.com/chandlersimon/pokemon-ebay-images/main/individuals/20260821/105-03.jpg
PKM-20260821-105,Fire,Pokemon Gym Challenge Blaine's Rapidash 33/132 WOTC 2000,105,4,5,IMG_6549.HEIC,individuals/20260821/105-04.jpg,https://raw.githubusercontent.com/chandlersimon/pokemon-ebay-images/main/individuals/20260821/105-04.jpg
PKM-20260821-105,Fire,Pokemon Gym Challenge Blaine's Rapidash 33/132 WOTC 2000,105,5,5,IMG_6550.HEIC,individuals/20260821/105-05.jpg,https://raw.githubusercontent.com/chandlersimon/pokemon-ebay-images/main/individuals/20260821/105-05.jpg
PKM-20260821-106,Fire,Pokemon Neo Genesis Cyndaquil 57/111 WOTC 2000,106,1,5,IMG_6551.HEIC,individuals/20260821/106-01.jpg,https://raw.githubusercontent.com/chandlersimon/pokemon-ebay-images/main/individuals/20260821/106-01.jpg
PKM-20260821-106,Fire,Pokemon Neo Genesis Cyndaquil 57/111 WOTC 2000,106,2,5,IMG_6552.HEIC,individuals/20260821/106-02.jpg,https://raw.githubusercontent.com/chandlersimon/pokemon-ebay-images/main/individuals/20260821/106-02.jpg
PKM-20260821-106,Fire,Pokemon Neo Genesis Cyndaquil 57/111 WOTC 2000,106,3,5,IMG_6553.HEIC,individuals/20260821/106-03.jpg,https://raw.githubusercontent.com/chandlersimon/pokemon-ebay-images/main/individuals/20260821/106-03.jpg
PKM-20260821-106,Fire,Pokemon Neo Genesis Cyndaquil 57/111 WOTC 2000,106,4,5,IMG_6554.HEIC,individuals/20260821/106-04.jpg,https://raw.githubusercontent.com/chandlersimon/pokemon-ebay-images/main/individuals/20260821/106-04.jpg
PKM-20260821-106,Fire,Pokemon Neo Genesis Cyndaquil 57/111 WOTC 2000,106,5,5,IMG_6555.HEIC,individuals/20260821/106-05.jpg,https://raw.githubusercontent.com/chandlersimon/pokemon-ebay-images/main/individuals/20260821/106-05.jpg
PKM-20260821-107,Fire,Pokemon Neo Genesis Cyndaquil 57/111 WOTC 2000,107,1,5,IMG_6556.HEIC,individuals/20260821/107-01.jpg,https://raw.githubusercontent.com/chandlersimon/pokemon-ebay-images/main/individuals/20260821/107-01.jpg
PKM-20260821-107,Fire,Pokemon Neo Genesis Cyndaquil 57/111 WOTC 2000,107,2,5,IMG_6557.HEIC,individuals/20260821/107-02.jpg,https://raw.githubusercontent.com/chandlersimon/pokemon-ebay-images/main/individuals/20260821/107-02.jpg
PKM-20260821-107,Fire,Pokemon Neo Genesis Cyndaquil 57/111 WOTC 2000,107,3,5,IMG_6558.HEIC,individuals/20260821/107-03.jpg,https://raw.githubusercontent.com/chandlersimon/pokemon-ebay-images/main/individuals/20260821/107-03.jpg
PKM-20260821-107,Fire,Pokemon Neo Genesis Cyndaquil 57/111 WOTC 2000,107,4,5,IMG_6559.HEIC,individuals/20260821/107-04.jpg,https://raw.githubusercontent.com/chandlersimon/pokemon-ebay-images/main/individuals/20260821/107-04.jpg
PKM-20260821-107,Fire,Pokemon Neo Genesis Cyndaquil 57/111 WOTC 2000,107,5,5,IMG_6560.HEIC,individuals/20260821/107-05.jpg,https://raw.githubusercontent.com/chandlersimon/pokemon-ebay-images/main/individuals/20260821/107-05.jpg
PKM-20260821-108,Fire,Pokemon Gym Heroes Blaine's Vulpix 65/132 WOTC 2000,108,1,5,IMG_6565.HEIC,individuals/20260821/108-01.jpg,https://raw.githubusercontent.com/chandlersimon/pokemon-ebay-images/main/individuals/20260821/108-01.jpg
PKM-20260821-108,Fire,Pokemon Gym Heroes Blaine's Vulpix 65/132 WOTC 2000,108,2,5,IMG_6566.HEIC,individuals/20260821/108-02.jpg,https://raw.githubusercontent.com/chandlersimon/pokemon-ebay-images/main/individuals/20260821/108-02.jpg
PKM-20260821-108,Fire,Pokemon Gym Heroes Blaine's Vulpix 65/132 WOTC 2000,108,3,5,IMG_6567.HEIC,individuals/20260821/108-03.jpg,https://raw.githubusercontent.com/chandlersimon/pokemon-ebay-images/main/individuals/20260821/108-03.jpg
PKM-20260821-108,Fire,Pokemon Gym Heroes Blaine's Vulpix 65/132 WOTC 2000,108,4,5,IMG_6568.HEIC,individuals/20260821/108-04.jpg,https://raw.githubusercontent.com/chandlersimon/pokemon-ebay-images/main/individuals/20260821/108-04.jpg
PKM-20260821-108,Fire,Pokemon Gym Heroes Blaine's Vulpix 65/132 WOTC 2000,108,5,5,IMG_6569.HEIC,individuals/20260821/108-05.jpg,https://raw.githubusercontent.com/chandlersimon/pokemon-ebay-images/main/individuals/20260821/108-05.jpg
PKM-20260821-109,Fire,Pokemon Team Magma vs Team Aqua Houndour 63/95 EX 2004,109,1,5,IMG_6570.HEIC,individuals/20260821/109-01.jpg,https://raw.githubusercontent.com/chandlersimon/pokemon-ebay-images/main/individuals/20260821/109-01.jpg
PKM-20260821-109,Fire,Pokemon Team Magma vs Team Aqua Houndour 63/95 EX 2004,109,2,5,IMG_6571.HEIC,individuals/20260821/109-02.jpg,https://raw.githubusercontent.com/chandlersimon/pokemon-ebay-images/main/individuals/20260821/109-02.jpg
PKM-20260821-109,Fire,Pokemon Team Magma vs Team Aqua Houndour 63/95 EX 2004,109,3,5,IMG_6572.HEIC,individuals/20260821/109-03.jpg,https://raw.githubusercontent.com/chandlersimon/pokemon-ebay-images/main/individuals/20260821/109-03.jpg
PKM-20260821-109,Fire,Pokemon Team Magma vs Team Aqua Houndour 63/95 EX 2004,109,4,5,IMG_6573.HEIC,individuals/20260821/109-04.jpg,https://raw.githubusercontent.com/chandlersimon/pokemon-ebay-images/main/individuals/20260821/109-04.jpg
PKM-20260821-109,Fire,Pokemon Team Magma vs Team Aqua Houndour 63/95 EX 2004,109,5,5,IMG_6574.HEIC,individuals/20260821/109-05.jpg,https://raw.githubusercontent.com/chandlersimon/pokemon-ebay-images/main/individuals/20260821/109-05.jpg
PKM-20260821-110,Fire,Pokemon Team Magma vs Team Aqua Houndour 63/95 EX 2004,110,1,5,IMG_6575.HEIC,individuals/20260821/110-01.jpg,https://raw.githubusercontent.com/chandlersimon/pokemon-ebay-images/main/individuals/20260821/110-01.jpg
PKM-20260821-110,Fire,Pokemon Team Magma vs Team Aqua Houndour 63/95 EX 2004,110,2,5,IMG_6576.HEIC,individuals/20260821/110-02.jpg,https://raw.githubusercontent.com/chandlersimon/pokemon-ebay-images/main/individuals/20260821/110-02.jpg
PKM-20260821-110,Fire,Pokemon Team Magma vs Team Aqua Houndour 63/95 EX 2004,110,3,5,IMG_6577.HEIC,individuals/20260821/110-03.jpg,https://raw.githubusercontent.com/chandlersimon/pokemon-ebay-images/main/individuals/20260821/110-03.jpg
PKM-20260821-110,Fire,Pokemon Team Magma vs Team Aqua Houndour 63/95 EX 2004,110,4,5,IMG_6578.HEIC,individuals/20260821/110-04.jpg,https://raw.githubusercontent.com/chandlersimon/pokemon-ebay-images/main/individuals/20260821/110-04.jpg
PKM-20260821-110,Fire,Pokemon Team Magma vs Team Aqua Houndour 63/95 EX 2004,110,5,5,IMG_6579.HEIC,individuals/20260821/110-05.jpg,https://raw.githubusercontent.com/chandlersimon/pokemon-ebay-images/main/individuals/20260821/110-05.jpg
PKM-20260821-111,Fire,Pokemon EX Sandstorm Quilava 51/100 2003,111,1,5,IMG_6580.HEIC,individuals/20260821/111-01.jpg,https://raw.githubusercontent.com/chandlersimon/pokemon-ebay-images/main/individuals/20260821/111-01.jpg
PKM-20260821-111,Fire,Pokemon EX Sandstorm Quilava 51/100 2003,111,2,5,IMG_6581.HEIC,individuals/20260821/111-02.jpg,https://raw.githubusercontent.com/chandlersimon/pokemon-ebay-images/main/individuals/20260821/111-02.jpg
PKM-20260821-111,Fire,Pokemon EX Sandstorm Quilava 51/100 2003,111,3,5,IMG_6582.HEIC,individuals/20260821/111-03.jpg,https://raw.githubusercontent.com/chandlersimon/pokemon-ebay-images/main/individuals/20260821/111-03.jpg
PKM-20260821-111,Fire,Pokemon EX Sandstorm Quilava 51/100 2003,111,4,5,IMG_6583.HEIC,individuals/20260821/111-04.jpg,https://raw.githubusercontent.com/chandlersimon/pokemon-ebay-images/main/individuals/20260821/111-04.jpg
PKM-20260821-111,Fire,Pokemon EX Sandstorm Quilava 51/100 2003,111,5,5,IMG_6584.HEIC,individuals/20260821/111-05.jpg,https://raw.githubusercontent.com/chandlersimon/pokemon-ebay-images/main/individuals/20260821/111-05.jpg
PKM-20260821-112,Fire,Pokemon FireRed LeafGreen Charmander 57/112 EX 2004,112,1,5,IMG_6585.HEIC,individuals/20260821/112-01.jpg,https://raw.githubusercontent.com/chandlersimon/pokemon-ebay-images/main/individuals/20260821/112-01.jpg
PKM-20260821-112,Fire,Pokemon FireRed LeafGreen Charmander 57/112 EX 2004,112,2,5,IMG_6586.HEIC,individuals/20260821/112-02.jpg,https://raw.githubusercontent.com/chandlersimon/pokemon-ebay-images/main/individuals/20260821/112-02.jpg
PKM-20260821-112,Fire,Pokemon FireRed LeafGreen Charmander 57/112 EX 2004,112,3,5,IMG_6587.HEIC,individuals/20260821/112-03.jpg,https://raw.githubusercontent.com/chandlersimon/pokemon-ebay-images/main/individuals/20260821/112-03.jpg
PKM-20260821-112,Fire,Pokemon FireRed LeafGreen Charmander 57/112 EX 2004,112,4,5,IMG_6588.HEIC,individuals/20260821/112-04.jpg,https://raw.githubusercontent.com/chandlersimon/pokemon-ebay-images/main/individuals/20260821/112-04.jpg
PKM-20260821-112,Fire,Pokemon FireRed LeafGreen Charmander 57/112 EX 2004,112,5,5,IMG_6589.HEIC,individuals/20260821/112-05.jpg,https://raw.githubusercontent.com/chandlersimon/pokemon-ebay-images/main/individuals/20260821/112-05.jpg
PKM-20260821-113,Fire,Pokemon Expedition Ponyta 126/165 WOTC E-Reader 2002 Uncommon,113,1,5,IMG_6590.HEIC,individuals/20260821/113-01.jpg,https://raw.githubusercontent.com/chandlersimon/pokemon-ebay-images/main/individuals/20260821/113-01.jpg
PKM-20260821-113,Fire,Pokemon Expedition Ponyta 126/165 WOTC E-Reader 2002 Uncommon,113,2,5,IMG_6591.HEIC,individuals/20260821/113-02.jpg,https://raw.githubusercontent.com/chandlersimon/pokemon-ebay-images/main/individuals/20260821/113-02.jpg
PKM-20260821-113,Fire,Pokemon Expedition Ponyta 126/165 WOTC E-Reader 2002 Uncommon,113,3,5,IMG_6592.HEIC,individuals/20260821/113-03.jpg,https://raw.githubusercontent.com/chandlersimon/pokemon-ebay-images/main/individuals/20260821/113-03.jpg
PKM-20260821-113,Fire,Pokemon Expedition Ponyta 126/165 WOTC E-Reader 2002 Uncommon,113,4,5,IMG_6593.HEIC,individuals/20260821/113-04.jpg,https://raw.githubusercontent.com/chandlersimon/pokemon-ebay-images/main/individuals/20260821/113-04.jpg
PKM-20260821-113,Fire,Pokemon Expedition Ponyta 126/165 WOTC E-Reader 2002 Uncommon,113,5,5,IMG_6594.HEIC,individuals/20260821/113-05.jpg,https://raw.githubusercontent.com/chandlersimon/pokemon-ebay-images/main/individuals/20260821/113-05.jpg
PKM-20260821-114,Fighting,Pokemon Neo Destiny Phanpy 76/105 WOTC 2002,114,1,5,IMG_6595.HEIC,individuals/20260821/114-01.jpg,https://raw.githubusercontent.com/chandlersimon/pokemon-ebay-images/main/individuals/20260821/114-01.jpg
PKM-20260821-114,Fighting,Pokemon Neo Destiny Phanpy 76/105 WOTC 2002,114,2,5,IMG_6596.HEIC,individuals/20260821/114-02.jpg,https://raw.githubusercontent.com/chandlersimon/pokemon-ebay-images/main/individuals/20260821/114-02.jpg
PKM-20260821-114,Fighting,Pokemon Neo Destiny Phanpy 76/105 WOTC 2002,114,3,5,IMG_6597.HEIC,individuals/20260821/114-03.jpg,https://raw.githubusercontent.com/chandlersimon/pokemon-ebay-images/main/individuals/20260821/114-03.jpg
PKM-20260821-114,Fighting,Pokemon Neo Destiny Phanpy 76/105 WOTC 2002,114,4,5,IMG_6598.HEIC,individuals/20260821/114-04.jpg,https://raw.githubusercontent.com/chandlersimon/pokemon-ebay-images/main/individuals/20260821/114-04.jpg
PKM-20260821-114,Fighting,Pokemon Neo Destiny Phanpy 76/105 WOTC 2002,114,5,5,IMG_6599.HEIC,individuals/20260821/114-05.jpg,https://raw.githubusercontent.com/chandlersimon/pokemon-ebay-images/main/individuals/20260821/114-05.jpg
PKM-20260821-115,Fighting,Pokemon Neo Destiny Larvitar 70/105 WOTC 2002,115,1,5,IMG_6600.HEIC,individuals/20260821/115-01.jpg,https://raw.githubusercontent.com/chandlersimon/pokemon-ebay-images/main/individuals/20260821/115-01.jpg
PKM-20260821-115,Fighting,Pokemon Neo Destiny Larvitar 70/105 WOTC 2002,115,2,5,IMG_6601.HEIC,individuals/20260821/115-02.jpg,https://raw.githubusercontent.com/chandlersimon/pokemon-ebay-images/main/individuals/20260821/115-02.jpg
PKM-20260821-115,Fighting,Pokemon Neo Destiny Larvitar 70/105 WOTC 2002,115,3,5,IMG_6602.HEIC,individuals/20260821/115-03.jpg,https://raw.githubusercontent.com/chandlersimon/pokemon-ebay-images/main/individuals/20260821/115-03.jpg
PKM-20260821-115,Fighting,Pokemon Neo Destiny Larvitar 70/105 WOTC 2002,115,4,5,IMG_6603.HEIC,individuals/20260821/115-04.jpg,https://raw.githubusercontent.com/chandlersimon/pokemon-ebay-images/main/individuals/20260821/115-04.jpg
PKM-20260821-115,Fighting,Pokemon Neo Destiny Larvitar 70/105 WOTC 2002,115,5,5,IMG_6604.HEIC,individuals/20260821/115-05.jpg,https://raw.githubusercontent.com/chandlersimon/pokemon-ebay-images/main/individuals/20260821/115-05.jpg
PKM-20260821-116,Fighting,Pokemon FireRed LeafGreen Dugtrio 22/112 EX 2004,116,1,5,IMG_6605.HEIC,individuals/20260821/116-01.jpg,https://raw.githubusercontent.com/chandlersimon/pokemon-ebay-images/main/individuals/20260821/116-01.jpg
PKM-20260821-116,Fighting,Pokemon FireRed LeafGreen Dugtrio 22/112 EX 2004,116,2,5,IMG_6606.HEIC,individuals/20260821/116-02.jpg,https://raw.githubusercontent.com/chandlersimon/pokemon-ebay-images/main/individuals/20260821/116-02.jpg
PKM-20260821-116,Fighting,Pokemon FireRed LeafGreen Dugtrio 22/112 EX 2004,116,3,5,IMG_6607.HEIC,individuals/20260821/116-03.jpg,https://raw.githubusercontent.com/chandlersimon/pokemon-ebay-images/main/individuals/20260821/116-03.jpg
PKM-20260821-116,Fighting,Pokemon FireRed LeafGreen Dugtrio 22/112 EX 2004,116,4,5,IMG_6608.HEIC,individuals/20260821/116-04.jpg,https://raw.githubusercontent.com/chandlersimon/pokemon-ebay-images/main/individuals/20260821/116-04.jpg
PKM-20260821-116,Fighting,Pokemon FireRed LeafGreen Dugtrio 22/112 EX 2004,116,5,5,IMG_6609.HEIC,individuals/20260821/116-05.jpg,https://raw.githubusercontent.com/chandlersimon/pokemon-ebay-images/main/individuals/20260821/116-05.jpg
PKM-20260821-117,Fighting,Pokemon Neo Destiny Hitmonchan 69/105 WOTC 2002,117,1,5,IMG_6610.HEIC,individuals/20260821/117-01.jpg,https://raw.githubusercontent.com/chandlersimon/pokemon-ebay-images/main/individuals/20260821/117-01.jpg
PKM-20260821-117,Fighting,Pokemon Neo Destiny Hitmonchan 69/105 WOTC 2002,117,2,5,IMG_6611.HEIC,individuals/20260821/117-02.jpg,https://raw.githubusercontent.com/chandlersimon/pokemon-ebay-images/main/individuals/20260821/117-02.jpg
PKM-20260821-117,Fighting,Pokemon Neo Destiny Hitmonchan 69/105 WOTC 2002,117,3,5,IMG_6612.HEIC,individuals/20260821/117-03.jpg,https://raw.githubusercontent.com/chandlersimon/pokemon-ebay-images/main/individuals/20260821/117-03.jpg
PKM-20260821-117,Fighting,Pokemon Neo Destiny Hitmonchan 69/105 WOTC 2002,117,4,5,IMG_6613.HEIC,individuals/20260821/117-04.jpg,https://raw.githubusercontent.com/chandlersimon/pokemon-ebay-images/main/individuals/20260821/117-04.jpg
PKM-20260821-117,Fighting,Pokemon Neo Destiny Hitmonchan 69/105 WOTC 2002,117,5,5,IMG_6614.HEIC,individuals/20260821/117-05.jpg,https://raw.githubusercontent.com/chandlersimon/pokemon-ebay-images/main/individuals/20260821/117-05.jpg
PKM-20260821-118,Fighting,Pokemon EX Dragon Graveler 29/97 2003,118,1,5,IMG_6615.HEIC,individuals/20260821/118-01.jpg,https://raw.githubusercontent.com/chandlersimon/pokemon-ebay-images/main/individuals/20260821/118-01.jpg
PKM-20260821-118,Fighting,Pokemon EX Dragon Graveler 29/97 2003,118,2,5,IMG_6616.HEIC,individuals/20260821/118-02.jpg,https://raw.githubusercontent.com/chandlersimon/pokemon-ebay-images/main/individuals/20260821/118-02.jpg
PKM-20260821-118,Fighting,Pokemon EX Dragon Graveler 29/97 2003,118,3,5,IMG_6617.HEIC,individuals/20260821/118-03.jpg,https://raw.githubusercontent.com/chandlersimon/pokemon-ebay-images/main/individuals/20260821/118-03.jpg
PKM-20260821-118,Fighting,Pokemon EX Dragon Graveler 29/97 2003,118,4,5,IMG_6618.HEIC,individuals/20260821/118-04.jpg,https://raw.githubusercontent.com/chandlersimon/pokemon-ebay-images/main/individuals/20260821/118-04.jpg
PKM-20260821-118,Fighting,Pokemon EX Dragon Graveler 29/97 2003,118,5,5,IMG_6619.HEIC,individuals/20260821/118-05.jpg,https://raw.githubusercontent.com/chandlersimon/pokemon-ebay-images/main/individuals/20260821/118-05.jpg
PKM-20260821-119,Fighting,Pokemon EX Dragon Trapinch 78/97 2003,119,1,5,IMG_6620.HEIC,individuals/20260821/119-01.jpg,https://raw.githubusercontent.com/chandlersimon/pokemon-ebay-images/main/individuals/20260821/119-01.jpg
PKM-20260821-119,Fighting,Pokemon EX Dragon Trapinch 78/97 2003,119,2,5,IMG_6621.HEIC,individuals/20260821/119-02.jpg,https://raw.githubusercontent.com/chandlersimon/pokemon-ebay-images/main/individuals/20260821/119-02.jpg
PKM-20260821-119,Fighting,Pokemon EX Dragon Trapinch 78/97 2003,119,3,5,IMG_6622.HEIC,individuals/20260821/119-03.jpg,https://raw.githubusercontent.com/chandlersimon/pokemon-ebay-images/main/individuals/20260821/119-03.jpg
PKM-20260821-119,Fighting,Pokemon EX Dragon Trapinch 78/97 2003,119,4,5,IMG_6623.HEIC,individuals/20260821/119-04.jpg,https://raw.githubusercontent.com/chandlersimon/pokemon-ebay-images/main/individuals/20260821/119-04.jpg
PKM-20260821-119,Fighting,Pokemon EX Dragon Trapinch 78/97 2003,119,5,5,IMG_6624.HEIC,individuals/20260821/119-05.jpg,https://raw.githubusercontent.com/chandlersimon/pokemon-ebay-images/main/individuals/20260821/119-05.jpg
PKM-20260821-120,Fighting,Pokemon Unseen Forces Quagsire 44/115 EX 2005,120,1,5,IMG_6625.HEIC,individuals/20260821/120-01.jpg,https://raw.githubusercontent.com/chandlersimon/pokemon-ebay-images/main/individuals/20260821/120-01.jpg
PKM-20260821-120,Fighting,Pokemon Unseen Forces Quagsire 44/115 EX 2005,120,2,5,IMG_6626.HEIC,individuals/20260821/120-02.jpg,https://raw.githubusercontent.com/chandlersimon/pokemon-ebay-images/main/individuals/20260821/120-02.jpg
PKM-20260821-120,Fighting,Pokemon Unseen Forces Quagsire 44/115 EX 2005,120,3,5,IMG_6627.HEIC,individuals/20260821/120-03.jpg,https://raw.githubusercontent.com/chandlersimon/pokemon-ebay-images/main/individuals/20260821/120-03.jpg
PKM-20260821-120,Fighting,Pokemon Unseen Forces Quagsire 44/115 EX 2005,120,4,5,IMG_6628.HEIC,individuals/20260821/120-04.jpg,https://raw.githubusercontent.com/chandlersimon/pokemon-ebay-images/main/individuals/20260821/120-04.jpg
PKM-20260821-120,Fighting,Pokemon Unseen Forces Quagsire 44/115 EX 2005,120,5,5,IMG_6629.HEIC,individuals/20260821/120-05.jpg,https://raw.githubusercontent.com/chandlersimon/pokemon-ebay-images/main/individuals/20260821/120-05.jpg
PKM-20260821-121,Fighting,Pokemon Neo Destiny Hitmonlee 42/105 WOTC 2002,121,1,5,IMG_6630.HEIC,individuals/20260821/121-01.jpg,https://raw.githubusercontent.com/chandlersimon/pokemon-ebay-images/main/individuals/20260821/121-01.jpg
PKM-20260821-121,Fighting,Pokemon Neo Destiny Hitmonlee 42/105 WOTC 2002,121,2,5,IMG_6631.HEIC,individuals/20260821/121-02.jpg,https://raw.githubusercontent.com/chandlersimon/pokemon-ebay-images/main/individuals/20260821/121-02.jpg
PKM-20260821-121,Fighting,Pokemon Neo Destiny Hitmonlee 42/105 WOTC 2002,121,3,5,IMG_6632.HEIC,individuals/20260821/121-03.jpg,https://raw.githubusercontent.com/chandlersimon/pokemon-ebay-images/main/individuals/20260821/121-03.jpg
PKM-20260821-121,Fighting,Pokemon Neo Destiny Hitmonlee 42/105 WOTC 2002,121,4,5,IMG_6633.HEIC,individuals/20260821/121-04.jpg,https://raw.githubusercontent.com/chandlersimon/pokemon-ebay-images/main/individuals/20260821/121-04.jpg
PKM-20260821-121,Fighting,Pokemon Neo Destiny Hitmonlee 42/105 WOTC 2002,121,5,5,IMG_6634.HEIC,individuals/20260821/121-05.jpg,https://raw.githubusercontent.com/chandlersimon/pokemon-ebay-images/main/individuals/20260821/121-05.jpg
PKM-20260821-122,Fighting,Pokemon Gym Challenge Brock's Graveler 34/132 WOTC 2000,122,1,5,IMG_6635.HEIC,individuals/20260821/122-01.jpg,https://raw.githubusercontent.com/chandlersimon/pokemon-ebay-images/main/individuals/20260821/122-01.jpg
PKM-20260821-122,Fighting,Pokemon Gym Challenge Brock's Graveler 34/132 WOTC 2000,122,2,5,IMG_6636.HEIC,individuals/20260821/122-02.jpg,https://raw.githubusercontent.com/chandlersimon/pokemon-ebay-images/main/individuals/20260821/122-02.jpg
PKM-20260821-122,Fighting,Pokemon Gym Challenge Brock's Graveler 34/132 WOTC 2000,122,3,5,IMG_6637.HEIC,individuals/20260821/122-03.jpg,https://raw.githubusercontent.com/chandlersimon/pokemon-ebay-images/main/individuals/20260821/122-03.jpg
PKM-20260821-122,Fighting,Pokemon Gym Challenge Brock's Graveler 34/132 WOTC 2000,122,4,5,IMG_6638.HEIC,individuals/20260821/122-04.jpg,https://raw.githubusercontent.com/chandlersimon/pokemon-ebay-images/main/individuals/20260821/122-04.jpg
PKM-20260821-122,Fighting,Pokemon Gym Challenge Brock's Graveler 34/132 WOTC 2000,122,5,5,IMG_6639.HEIC,individuals/20260821/122-05.jpg,https://raw.githubusercontent.com/chandlersimon/pokemon-ebay-images/main/individuals/20260821/122-05.jpg
PKM-20260821-123,Fighting,Pokemon Neo Revelation Shuckle 51/64 WOTC 2001,123,1,5,IMG_6640.HEIC,individuals/20260821/123-01.jpg,https://raw.githubusercontent.com/chandlersimon/pokemon-ebay-images/main/individuals/20260821/123-01.jpg
PKM-20260821-123,Fighting,Pokemon Neo Revelation Shuckle 51/64 WOTC 2001,123,2,5,IMG_6641.HEIC,individuals/20260821/123-02.jpg,https://raw.githubusercontent.com/chandlersimon/pokemon-ebay-images/main/individuals/20260821/123-02.jpg
PKM-20260821-123,Fighting,Pokemon Neo Revelation Shuckle 51/64 WOTC 2001,123,3,5,IMG_6642.HEIC,individuals/20260821/123-03.jpg,https://raw.githubusercontent.com/chandlersimon/pokemon-ebay-images/main/individuals/20260821/123-03.jpg
PKM-20260821-123,Fighting,Pokemon Neo Revelation Shuckle 51/64 WOTC 2001,123,4,5,IMG_6643.HEIC,individuals/20260821/123-04.jpg,https://raw.githubusercontent.com/chandlersimon/pokemon-ebay-images/main/individuals/20260821/123-04.jpg
PKM-20260821-123,Fighting,Pokemon Neo Revelation Shuckle 51/64 WOTC 2001,123,5,5,IMG_6644.HEIC,individuals/20260821/123-05.jpg,https://raw.githubusercontent.com/chandlersimon/pokemon-ebay-images/main/individuals/20260821/123-05.jpg
PKM-20260821-124,Fighting,Pokemon Neo Revelation Shuckle 51/64 WOTC 2001,124,1,5,IMG_6645.HEIC,individuals/20260821/124-01.jpg,https://raw.githubusercontent.com/chandlersimon/pokemon-ebay-images/main/individuals/20260821/124-01.jpg
PKM-20260821-124,Fighting,Pokemon Neo Revelation Shuckle 51/64 WOTC 2001,124,2,5,IMG_6646.HEIC,individuals/20260821/124-02.jpg,https://raw.githubusercontent.com/chandlersimon/pokemon-ebay-images/main/individuals/20260821/124-02.jpg
PKM-20260821-124,Fighting,Pokemon Neo Revelation Shuckle 51/64 WOTC 2001,124,3,5,IMG_6647.HEIC,individuals/20260821/124-03.jpg,https://raw.githubusercontent.com/chandlersimon/pokemon-ebay-images/main/individuals/20260821/124-03.jpg
PKM-20260821-124,Fighting,Pokemon Neo Revelation Shuckle 51/64 WOTC 2001,124,4,5,IMG_6648.HEIC,individuals/20260821/124-04.jpg,https://raw.githubusercontent.com/chandlersimon/pokemon-ebay-images/main/individuals/20260821/124-04.jpg
PKM-20260821-124,Fighting,Pokemon Neo Revelation Shuckle 51/64 WOTC 2001,124,5,5,IMG_6649.HEIC,individuals/20260821/124-05.jpg,https://raw.githubusercontent.com/chandlersimon/pokemon-ebay-images/main/individuals/20260821/124-05.jpg
PKM-20260821-125,Fighting,Pokemon Emerald Claydol 24/106 EX 2005,125,1,5,IMG_6650.HEIC,individuals/20260821/125-01.jpg,https://raw.githubusercontent.com/chandlersimon/pokemon-ebay-images/main/individuals/20260821/125-01.jpg
PKM-20260821-125,Fighting,Pokemon Emerald Claydol 24/106 EX 2005,125,2,5,IMG_6651.HEIC,individuals/20260821/125-02.jpg,https://raw.githubusercontent.com/chandlersimon/pokemon-ebay-images/main/individuals/20260821/125-02.jpg
PKM-20260821-125,Fighting,Pokemon Emerald Claydol 24/106 EX 2005,125,3,5,IMG_6652.HEIC,individuals/20260821/125-03.jpg,https://raw.githubusercontent.com/chandlersimon/pokemon-ebay-images/main/individuals/20260821/125-03.jpg
PKM-20260821-125,Fighting,Pokemon Emerald Claydol 24/106 EX 2005,125,4,5,IMG_6653.HEIC,individuals/20260821/125-04.jpg,https://raw.githubusercontent.com/chandlersimon/pokemon-ebay-images/main/individuals/20260821/125-04.jpg
PKM-20260821-125,Fighting,Pokemon Emerald Claydol 24/106 EX 2005,125,5,5,IMG_6654.HEIC,individuals/20260821/125-05.jpg,https://raw.githubusercontent.com/chandlersimon/pokemon-ebay-images/main/individuals/20260821/125-05.jpg
PKM-20260821-126,Fighting,Pokemon Gym Challenge Brock's Sandslash 36/132 WOTC 2000,126,1,5,IMG_6655.HEIC,individuals/20260821/126-01.jpg,https://raw.githubusercontent.com/chandlersimon/pokemon-ebay-images/main/individuals/20260821/126-01.jpg
PKM-20260821-126,Fighting,Pokemon Gym Challenge Brock's Sandslash 36/132 WOTC 2000,126,2,5,IMG_6656.HEIC,individuals/20260821/126-02.jpg,https://raw.githubusercontent.com/chandlersimon/pokemon-ebay-images/main/individuals/20260821/126-02.jpg
PKM-20260821-126,Fighting,Pokemon Gym Challenge Brock's Sandslash 36/132 WOTC 2000,126,3,5,IMG_6657.HEIC,individuals/20260821/126-03.jpg,https://raw.githubusercontent.com/chandlersimon/pokemon-ebay-images/main/individuals/20260821/126-03.jpg
PKM-20260821-126,Fighting,Pokemon Gym Challenge Brock's Sandslash 36/132 WOTC 2000,126,4,5,IMG_6658.HEIC,individuals/20260821/126-04.jpg,https://raw.githubusercontent.com/chandlersimon/pokemon-ebay-images/main/individuals/20260821/126-04.jpg
PKM-20260821-126,Fighting,Pokemon Gym Challenge Brock's Sandslash 36/132 WOTC 2000,126,5,5,IMG_6659.HEIC,individuals/20260821/126-05.jpg,https://raw.githubusercontent.com/chandlersimon/pokemon-ebay-images/main/individuals/20260821/126-05.jpg
PKM-20260821-127,Fighting,Pokemon Gym Challenge Brock's Sandslash 36/132 WOTC 2000,127,1,5,IMG_6660.HEIC,individuals/20260821/127-01.jpg,https://raw.githubusercontent.com/chandlersimon/pokemon-ebay-images/main/individuals/20260821/127-01.jpg
PKM-20260821-127,Fighting,Pokemon Gym Challenge Brock's Sandslash 36/132 WOTC 2000,127,2,5,IMG_6661.HEIC,individuals/20260821/127-02.jpg,https://raw.githubusercontent.com/chandlersimon/pokemon-ebay-images/main/individuals/20260821/127-02.jpg
PKM-20260821-127,Fighting,Pokemon Gym Challenge Brock's Sandslash 36/132 WOTC 2000,127,3,5,IMG_6662.HEIC,individuals/20260821/127-03.jpg,https://raw.githubusercontent.com/chandlersimon/pokemon-ebay-images/main/individuals/20260821/127-03.jpg
PKM-20260821-127,Fighting,Pokemon Gym Challenge Brock's Sandslash 36/132 WOTC 2000,127,4,5,IMG_6663.HEIC,individuals/20260821/127-04.jpg,https://raw.githubusercontent.com/chandlersimon/pokemon-ebay-images/main/individuals/20260821/127-04.jpg
PKM-20260821-127,Fighting,Pokemon Gym Challenge Brock's Sandslash 36/132 WOTC 2000,127,5,5,IMG_6664.HEIC,individuals/20260821/127-05.jpg,https://raw.githubusercontent.com/chandlersimon/pokemon-ebay-images/main/individuals/20260821/127-05.jpg
PKM-20260821-128,Fighting,Pokemon Expedition Diglett 106/165 WOTC E-Reader 2002,128,1,5,IMG_6665.HEIC,individuals/20260821/128-01.jpg,https://raw.githubusercontent.com/chandlersimon/pokemon-ebay-images/main/individuals/20260821/128-01.jpg
PKM-20260821-128,Fighting,Pokemon Expedition Diglett 106/165 WOTC E-Reader 2002,128,2,5,IMG_6666.HEIC,individuals/20260821/128-02.jpg,https://raw.githubusercontent.com/chandlersimon/pokemon-ebay-images/main/individuals/20260821/128-02.jpg
PKM-20260821-128,Fighting,Pokemon Expedition Diglett 106/165 WOTC E-Reader 2002,128,3,5,IMG_6667.HEIC,individuals/20260821/128-03.jpg,https://raw.githubusercontent.com/chandlersimon/pokemon-ebay-images/main/individuals/20260821/128-03.jpg
PKM-20260821-128,Fighting,Pokemon Expedition Diglett 106/165 WOTC E-Reader 2002,128,4,5,IMG_6668.HEIC,individuals/20260821/128-04.jpg,https://raw.githubusercontent.com/chandlersimon/pokemon-ebay-images/main/individuals/20260821/128-04.jpg
PKM-20260821-128,Fighting,Pokemon Expedition Diglett 106/165 WOTC E-Reader 2002,128,5,5,IMG_6669.HEIC,individuals/20260821/128-05.jpg,https://raw.githubusercontent.com/chandlersimon/pokemon-ebay-images/main/individuals/20260821/128-05.jpg
PKM-20260821-129,Fighting,Pokemon Neo Genesis Donphan 21/111 WOTC 2000,129,1,5,IMG_6670.HEIC,individuals/20260821/129-01.jpg,https://raw.githubusercontent.com/chandlersimon/pokemon-ebay-images/main/individuals/20260821/129-01.jpg
PKM-20260821-129,Fighting,Pokemon Neo Genesis Donphan 21/111 WOTC 2000,129,2,5,IMG_6671.HEIC,individuals/20260821/129-02.jpg,https://raw.githubusercontent.com/chandlersimon/pokemon-ebay-images/main/individuals/20260821/129-02.jpg
PKM-20260821-129,Fighting,Pokemon Neo Genesis Donphan 21/111 WOTC 2000,129,3,5,IMG_6672.HEIC,individuals/20260821/129-03.jpg,https://raw.githubusercontent.com/chandlersimon/pokemon-ebay-images/main/individuals/20260821/129-03.jpg
PKM-20260821-129,Fighting,Pokemon Neo Genesis Donphan 21/111 WOTC 2000,129,4,5,IMG_6673.HEIC,individuals/20260821/129-04.jpg,https://raw.githubusercontent.com/chandlersimon/pokemon-ebay-images/main/individuals/20260821/129-04.jpg
PKM-20260821-129,Fighting,Pokemon Neo Genesis Donphan 21/111 WOTC 2000,129,5,5,IMG_6674.HEIC,individuals/20260821/129-05.jpg,https://raw.githubusercontent.com/chandlersimon/pokemon-ebay-images/main/individuals/20260821/129-05.jpg
PKM-20260821-130,Fighting,Pokemon Expedition Geodude 110/165 WOTC E-Reader 2002,130,1,5,IMG_6675.HEIC,individuals/20260821/130-01.jpg,https://raw.githubusercontent.com/chandlersimon/pokemon-ebay-images/main/individuals/20260821/130-01.jpg
PKM-20260821-130,Fighting,Pokemon Expedition Geodude 110/165 WOTC E-Reader 2002,130,2,5,IMG_6676.HEIC,individuals/20260821/130-02.jpg,https://raw.githubusercontent.com/chandlersimon/pokemon-ebay-images/main/individuals/20260821/130-02.jpg
PKM-20260821-130,Fighting,Pokemon Expedition Geodude 110/165 WOTC E-Reader 2002,130,3,5,IMG_6677.HEIC,individuals/20260821/130-03.jpg,https://raw.githubusercontent.com/chandlersimon/pokemon-ebay-images/main/individuals/20260821/130-03.jpg
PKM-20260821-130,Fighting,Pokemon Expedition Geodude 110/165 WOTC E-Reader 2002,130,4,5,IMG_6678.HEIC,individuals/20260821/130-04.jpg,https://raw.githubusercontent.com/chandlersimon/pokemon-ebay-images/main/individuals/20260821/130-04.jpg
PKM-20260821-130,Fighting,Pokemon Expedition Geodude 110/165 WOTC E-Reader 2002,130,5,5,IMG_6679.HEIC,individuals/20260821/130-05.jpg,https://raw.githubusercontent.com/chandlersimon/pokemon-ebay-images/main/individuals/20260821/130-05.jpg
PKM-20260821-131,Fighting,Pokemon Neo Revelation Sudowoodo 26/64 WOTC 2001,131,1,5,IMG_6680.HEIC,individuals/20260821/131-01.jpg,https://raw.githubusercontent.com/chandlersimon/pokemon-ebay-images/main/individuals/20260821/131-01.jpg
PKM-20260821-131,Fighting,Pokemon Neo Revelation Sudowoodo 26/64 WOTC 2001,131,2,5,IMG_6681.HEIC,individuals/20260821/131-02.jpg,https://raw.githubusercontent.com/chandlersimon/pokemon-ebay-images/main/individuals/20260821/131-02.jpg
PKM-20260821-131,Fighting,Pokemon Neo Revelation Sudowoodo 26/64 WOTC 2001,131,3,5,IMG_6682.HEIC,individuals/20260821/131-03.jpg,https://raw.githubusercontent.com/chandlersimon/pokemon-ebay-images/main/individuals/20260821/131-03.jpg
PKM-20260821-131,Fighting,Pokemon Neo Revelation Sudowoodo 26/64 WOTC 2001,131,4,5,IMG_6683.HEIC,individuals/20260821/131-04.jpg,https://raw.githubusercontent.com/chandlersimon/pokemon-ebay-images/main/individuals/20260821/131-04.jpg
PKM-20260821-131,Fighting,Pokemon Neo Revelation Sudowoodo 26/64 WOTC 2001,131,5,5,IMG_6684.HEIC,individuals/20260821/131-05.jpg,https://raw.githubusercontent.com/chandlersimon/pokemon-ebay-images/main/individuals/20260821/131-05.jpg
PKM-20260821-132,Fighting,Pokemon Neo Discovery Hitmontop 22/75 WOTC 2001,132,1,5,IMG_6685.HEIC,individuals/20260821/132-01.jpg,https://raw.githubusercontent.com/chandlersimon/pokemon-ebay-images/main/individuals/20260821/132-01.jpg
PKM-20260821-132,Fighting,Pokemon Neo Discovery Hitmontop 22/75 WOTC 2001,132,2,5,IMG_6686.HEIC,individuals/20260821/132-02.jpg,https://raw.githubusercontent.com/chandlersimon/pokemon-ebay-images/main/individuals/20260821/132-02.jpg
PKM-20260821-132,Fighting,Pokemon Neo Discovery Hitmontop 22/75 WOTC 2001,132,3,5,IMG_6687.HEIC,individuals/20260821/132-03.jpg,https://raw.githubusercontent.com/chandlersimon/pokemon-ebay-images/main/individuals/20260821/132-03.jpg
PKM-20260821-132,Fighting,Pokemon Neo Discovery Hitmontop 22/75 WOTC 2001,132,4,5,IMG_6688.HEIC,individuals/20260821/132-04.jpg,https://raw.githubusercontent.com/chandlersimon/pokemon-ebay-images/main/individuals/20260821/132-04.jpg
PKM-20260821-132,Fighting,Pokemon Neo Discovery Hitmontop 22/75 WOTC 2001,132,5,5,IMG_6689.HEIC,individuals/20260821/132-05.jpg,https://raw.githubusercontent.com/chandlersimon/pokemon-ebay-images/main/individuals/20260821/132-05.jpg
PKM-20260821-133,Fighting,Pokemon 2008 World Championships Claydol #15 Deck Card,133,1,5,IMG_6690.HEIC,individuals/20260821/133-01.jpg,https://raw.githubusercontent.com/chandlersimon/pokemon-ebay-images/main/individuals/20260821/133-01.jpg
PKM-20260821-133,Fighting,Pokemon 2008 World Championships Claydol #15 Deck Card,133,2,5,IMG_6691.HEIC,individuals/20260821/133-02.jpg,https://raw.githubusercontent.com/chandlersimon/pokemon-ebay-images/main/individuals/20260821/133-02.jpg
PKM-20260821-133,Fighting,Pokemon 2008 World Championships Claydol #15 Deck Card,133,3,5,IMG_6692.HEIC,individuals/20260821/133-03.jpg,https://raw.githubusercontent.com/chandlersimon/pokemon-ebay-images/main/individuals/20260821/133-03.jpg
PKM-20260821-133,Fighting,Pokemon 2008 World Championships Claydol #15 Deck Card,133,4,5,IMG_6693.HEIC,individuals/20260821/133-04.jpg,https://raw.githubusercontent.com/chandlersimon/pokemon-ebay-images/main/individuals/20260821/133-04.jpg
PKM-20260821-133,Fighting,Pokemon 2008 World Championships Claydol #15 Deck Card,133,5,5,IMG_6695.HEIC,individuals/20260821/133-05.jpg,https://raw.githubusercontent.com/chandlersimon/pokemon-ebay-images/main/individuals/20260821/133-05.jpg
