#INFO,Version=0.0.2,Template= eBay-draft-listings-template_US,,,,,,,,
#INFO Action and Category ID are required fields. 1) Set Action to Draft 2) Please find the category ID for your listings here: https://pages.ebay.com/sellerinformation/news/categorychanges.html,,,,,,,,,,
"#INFO After you've successfully uploaded your draft from the Seller Hub Reports tab, complete your drafts to active listings here: https://www.ebay.com/sh/lst/drafts",,,,,,,,,,
#INFO,,,,,,,,,,
Action(SiteID=US|Country=US|Currency=USD|Version=1193|CC=UTF-8),Custom label (SKU),Category ID,Title,UPC,Price,Quantity,Item photo URL,Condition ID,Description,Format
Draft,PKM-20260821-044,183454,Pokemon EX Power Keepers Gardevoir 9/108 Non Holo 2007,,13.49,1,https://raw.githubusercontent.com/chandlersimon/pokemon-ebay-images/main/individuals/20260821/044-01.jpg|https://raw.githubusercontent.com/chandlersimon/pokemon-ebay-images/main/individuals/20260821/044-02.jpg|https://raw.githubusercontent.com/chandlersimon/pokemon-ebay-images/main/individuals/20260821/044-03.jpg|https://raw.githubusercontent.com/chandlersimon/pokemon-ebay-images/main/individuals/20260821/044-04.jpg|https://raw.githubusercontent.com/chandlersimon/pokemon-ebay-images/main/individuals/20260821/044-05.jpg,4000,"<p>This listing is for the exact card shown in the photographs: <strong>Pokemon EX Power Keepers Gardevoir 9/108 Non Holo 2007</strong>.</p><p>The card is ungraded. Please inspect all five photographs carefully for the exact condition, including corners, edges, surface, centering, and any visible wear.</p><p>The card will be placed in a penny sleeve and protected with a top loader or semi-rigid holder. It will ship via eBay Standard Envelope. Combined shipping is available when multiple cards are purchased.</p>",FixedPrice
Draft,PKM-20260821-045,183454,Pokemon 2009 World Championships Mewtwo 9/100 David Cohen Stallgon,,16.49,1,https://raw.githubusercontent.com/chandlersimon/pokemon-ebay-images/main/individuals/20260821/045-01.jpg|https://raw.githubusercontent.com/chandlersimon/pokemon-ebay-images/main/individuals/20260821/045-02.jpg|https://raw.githubusercontent.com/chandlersimon/pokemon-ebay-images/main/individuals/20260821/045-03.jpg|https://raw.githubusercontent.com/chandlersimon/pokemon-ebay-images/main/individuals/20260821/045-04.jpg|https://raw.githubusercontent.com/chandlersimon/pokemon-ebay-images/main/individuals/20260821/045-05.jpg,4000,"<p>This listing is for the exact card shown in the photographs: <strong>Pokemon 2009 World Championships Mewtwo 9/100 David Cohen Stallgon</strong>.</p><p>The card is ungraded. Please inspect all five photographs carefully for the exact condition, including corners, edges, surface, centering, and any visible wear.</p><p>The card will be placed in a penny sleeve and protected with a top loader or semi-rigid holder. It will ship via eBay Standard Envelope. Combined shipping is available when multiple cards are purchased.</p>",FixedPrice
Draft,PKM-20260821-046,183454,Pokemon EX Power Keepers Dusclops 14/108 2007,,4.99,1,https://raw.githubusercontent.com/chandlersimon/pokemon-ebay-images/main/individuals/20260821/046-01.jpg|https://raw.githubusercontent.com/chandlersimon/pokemon-ebay-images/main/individuals/20260821/046-02.jpg|https://raw.githubusercontent.com/chandlersimon/pokemon-ebay-images/main/individuals/20260821/046-03.jpg|https://raw.githubusercontent.com/chandlersimon/pokemon-ebay-images/main/individuals/20260821/046-04.jpg|https://raw.githubusercontent.com/chandlersimon/pokemon-ebay-images/main/individuals/20260821/046-05.jpg,4000,"<p>This listing is for the exact card shown in the photographs: <strong>Pokemon EX Power Keepers Dusclops 14/108 2007</strong>.</p><p>The card is ungraded. Please inspect all five photographs carefully for the exact condition, including corners, edges, surface, centering, and any visible wear.</p><p>The card will be placed in a penny sleeve and protected with a top loader or semi-rigid holder. It will ship via eBay Standard Envelope. Combined shipping is available when multiple cards are purchased.</p>",FixedPrice
Draft,PKM-20260821-047,183454,Pokemon Neo Genesis Xatu 52/111 WOTC 2000,,2.49,1,https://raw.githubusercontent.com/chandlersimon/pokemon-ebay-images/main/individuals/20260821/047-01.jpg|https://raw.githubusercontent.com/chandlersimon/pokemon-ebay-images/main/individuals/20260821/047-02.jpg|https://raw.githubusercontent.com/chandlersimon/pokemon-ebay-images/main/individuals/20260821/047-03.jpg|https://raw.githubusercontent.com/chandlersimon/pokemon-ebay-images/main/individuals/20260821/047-04.jpg|https://raw.githubusercontent.com/chandlersimon/pokemon-ebay-images/main/individuals/20260821/047-05.jpg,4000,"<p>This listing is for the exact card shown in the photographs: <strong>Pokemon Neo Genesis Xatu 52/111 WOTC 2000</strong>.</p><p>The card is ungraded. Please inspect all five photographs carefully for the exact condition, including corners, edges, surface, centering, and any visible wear.</p><p>The card will be placed in a penny sleeve and protected with a top loader or semi-rigid holder. It will ship via eBay Standard Envelope. Combined shipping is available when multiple cards are purchased.</p>",FixedPrice
Draft,PKM-20260821-048,183454,Pokemon EX Power Keepers Kirlia 31/108 2007,,2.49,1,https://raw.githubusercontent.com/chandlersimon/pokemon-ebay-images/main/individuals/20260821/048-01.jpg|https://raw.githubusercontent.com/chandlersimon/pokemon-ebay-images/main/individuals/20260821/048-02.jpg|https://raw.githubusercontent.com/chandlersimon/pokemon-ebay-images/main/individuals/20260821/048-03.jpg|https://raw.githubusercontent.com/chandlersimon/pokemon-ebay-images/main/individuals/20260821/048-04.jpg|https://raw.githubusercontent.com/chandlersimon/pokemon-ebay-images/main/individuals/20260821/048-05.jpg,4000,"<p>This listing is for the exact card shown in the photographs: <strong>Pokemon EX Power Keepers Kirlia 31/108 2007</strong>.</p><p>The card is ungraded. Please inspect all five photographs carefully for the exact condition, including corners, edges, surface, centering, and any visible wear.</p><p>The card will be placed in a penny sleeve and protected with a top loader or semi-rigid holder. It will ship via eBay Standard Envelope. Combined shipping is available when multiple cards are purchased.</p>",FixedPrice
Draft,PKM-20260821-049,183454,Pokemon EX Dragon Frontiers Cyndaquil Delta Species 45/101 2006,,2.49,1,https://raw.githubusercontent.com/chandlersimon/pokemon-ebay-images/main/individuals/20260821/049-01.jpg|https://raw.githubusercontent.com/chandlersimon/pokemon-ebay-images/main/individuals/20260821/049-02.jpg|https://raw.githubusercontent.com/chandlersimon/pokemon-ebay-images/main/individuals/20260821/049-03.jpg|https://raw.githubusercontent.com/chandlersimon/pokemon-ebay-images/main/individuals/20260821/049-04.jpg|https://raw.githubusercontent.com/chandlersimon/pokemon-ebay-images/main/individuals/20260821/049-05.jpg,4000,"<p>This listing is for the exact card shown in the photographs: <strong>Pokemon EX Dragon Frontiers Cyndaquil Delta Species 45/101 2006</strong>.</p><p>The card is ungraded. Please inspect all five photographs carefully for the exact condition, including corners, edges, surface, centering, and any visible wear.</p><p>The card will be placed in a penny sleeve and protected with a top loader or semi-rigid holder. It will ship via eBay Standard Envelope. Combined shipping is available when multiple cards are purchased.</p>",FixedPrice
Draft,PKM-20260821-050,183454,Pokemon 2009 Worlds Unown G 57/106 Tsubasa Nakamura Deck Card,,2.49,1,https://raw.githubusercontent.com/chandlersimon/pokemon-ebay-images/main/individuals/20260821/050-01.jpg|https://raw.githubusercontent.com/chandlersimon/pokemon-ebay-images/main/individuals/20260821/050-02.jpg|https://raw.githubusercontent.com/chandlersimon/pokemon-ebay-images/main/individuals/20260821/050-03.jpg|https://raw.githubusercontent.com/chandlersimon/pokemon-ebay-images/main/individuals/20260821/050-04.jpg|https://raw.githubusercontent.com/chandlersimon/pokemon-ebay-images/main/individuals/20260821/050-05.jpg,4000,"<p>This listing is for the exact card shown in the photographs: <strong>Pokemon 2009 Worlds Unown G 57/106 Tsubasa Nakamura Deck Card</strong>.</p><p>The card is ungraded. Please inspect all five photographs carefully for the exact condition, including corners, edges, surface, centering, and any visible wear.</p><p>The card will be placed in a penny sleeve and protected with a top loader or semi-rigid holder. It will ship via eBay Standard Envelope. Combined shipping is available when multiple cards are purchased.</p>",FixedPrice
Draft,PKM-20260821-051,183454,Pokemon 2009 Worlds Unown G 57/106 Tsubasa Nakamura Deck Card,,2.49,1,https://raw.githubusercontent.com/chandlersimon/pokemon-ebay-images/main/individuals/20260821/051-01.jpg|https://raw.githubusercontent.com/chandlersimon/pokemon-ebay-images/main/individuals/20260821/051-02.jpg|https://raw.githubusercontent.com/chandlersimon/pokemon-ebay-images/main/individuals/20260821/051-03.jpg|https://raw.githubusercontent.com/chandlersimon/pokemon-ebay-images/main/individuals/20260821/051-04.jpg|https://raw.githubusercontent.com/chandlersimon/pokemon-ebay-images/main/individuals/20260821/051-05.jpg,4000,"<p>This listing is for the exact card shown in the photographs: <strong>Pokemon 2009 Worlds Unown G 57/106 Tsubasa Nakamura Deck Card</strong>.</p><p>The card is ungraded. Please inspect all five photographs carefully for the exact condition, including corners, edges, surface, centering, and any visible wear.</p><p>The card will be placed in a penny sleeve and protected with a top loader or semi-rigid holder. It will ship via eBay Standard Envelope. Combined shipping is available when multiple cards are purchased.</p>",FixedPrice
Draft,PKM-20260821-052,183454,Pokemon Mysterious Treasures Abra 69/123 2007,,2.49,1,https://raw.githubusercontent.com/chandlersimon/pokemon-ebay-images/main/individuals/20260821/052-01.jpg|https://raw.githubusercontent.com/chandlersimon/pokemon-ebay-images/main/individuals/20260821/052-02.jpg|https://raw.githubusercontent.com/chandlersimon/pokemon-ebay-images/main/individuals/20260821/052-03.jpg|https://raw.githubusercontent.com/chandlersimon/pokemon-ebay-images/main/individuals/20260821/052-04.jpg|https://raw.githubusercontent.com/chandlersimon/pokemon-ebay-images/main/individuals/20260821/052-05.jpg,4000,"<p>This listing is for the exact card shown in the photographs: <strong>Pokemon Mysterious Treasures Abra 69/123 2007</strong>.</p><p>The card is ungraded. Please inspect all five photographs carefully for the exact condition, including corners, edges, surface, centering, and any visible wear.</p><p>The card will be placed in a penny sleeve and protected with a top loader or semi-rigid holder. It will ship via eBay Standard Envelope. Combined shipping is available when multiple cards are purchased.</p>",FixedPrice
Draft,PKM-20260821-053,183454,Pokemon Mysterious Treasures Abra 69/123 2007,,2.49,1,https://raw.githubusercontent.com/chandlersimon/pokemon-ebay-images/main/individuals/20260821/053-01.jpg|https://raw.githubusercontent.com/chandlersimon/pokemon-ebay-images/main/individuals/20260821/053-02.jpg|https://raw.githubusercontent.com/chandlersimon/pokemon-ebay-images/main/individuals/20260821/053-03.jpg|https://raw.githubusercontent.com/chandlersimon/pokemon-ebay-images/main/individuals/20260821/053-04.jpg|https://raw.githubusercontent.com/chandlersimon/pokemon-ebay-images/main/individuals/20260821/053-05.jpg,4000,"<p>This listing is for the exact card shown in the photographs: <strong>Pokemon Mysterious Treasures Abra 69/123 2007</strong>.</p><p>The card is ungraded. Please inspect all five photographs carefully for the exact condition, including corners, edges, surface, centering, and any visible wear.</p><p>The card will be placed in a penny sleeve and protected with a top loader or semi-rigid holder. It will ship via eBay Standard Envelope. Combined shipping is available when multiple cards are purchased.</p>",FixedPrice
Draft,PKM-20260821-054,183454,Pokemon Ruby Sapphire Kirlia 34/109 EX 2003,,2.49,1,https://raw.githubusercontent.com/chandlersimon/pokemon-ebay-images/main/individuals/20260821/054-01.jpg|https://raw.githubusercontent.com/chandlersimon/pokemon-ebay-images/main/individuals/20260821/054-02.jpg|https://raw.githubusercontent.com/chandlersimon/pokemon-ebay-images/main/individuals/20260821/054-03.jpg|https://raw.githubusercontent.com/chandlersimon/pokemon-ebay-images/main/individuals/20260821/054-04.jpg|https://raw.githubusercontent.com/chandlersimon/pokemon-ebay-images/main/individuals/20260821/054-05.jpg,4000,"<p>This listing is for the exact card shown in the photographs: <strong>Pokemon Ruby Sapphire Kirlia 34/109 EX 2003</strong>.</p><p>The card is ungraded. Please inspect all five photographs carefully for the exact condition, including corners, edges, surface, centering, and any visible wear.</p><p>The card will be placed in a penny sleeve and protected with a top loader or semi-rigid holder. It will ship via eBay Standard Envelope. Combined shipping is available when multiple cards are purchased.</p>",FixedPrice
Draft,PKM-20260821-055,183454,Pokemon EX Dragon Frontiers Smeargle Delta Species 39/101 2006,,2.49,1,https://raw.githubusercontent.com/chandlersimon/pokemon-ebay-images/main/individuals/20260821/055-01.jpg|https://raw.githubusercontent.com/chandlersimon/pokemon-ebay-images/main/individuals/20260821/055-02.jpg|https://raw.githubusercontent.com/chandlersimon/pokemon-ebay-images/main/individuals/20260821/055-03.jpg|https://raw.githubusercontent.com/chandlersimon/pokemon-ebay-images/main/individuals/20260821/055-04.jpg|https://raw.githubusercontent.com/chandlersimon/pokemon-ebay-images/main/individuals/20260821/055-05.jpg,4000,"<p>This listing is for the exact card shown in the photographs: <strong>Pokemon EX Dragon Frontiers Smeargle Delta Species 39/101 2006</strong>.</p><p>The card is ungraded. Please inspect all five photographs carefully for the exact condition, including corners, edges, surface, centering, and any visible wear.</p><p>The card will be placed in a penny sleeve and protected with a top loader or semi-rigid holder. It will ship via eBay Standard Envelope. Combined shipping is available when multiple cards are purchased.</p>",FixedPrice
Draft,PKM-20260821-056,183454,Pokemon Ruby Sapphire Ralts 68/109 EX 2003,,2.49,1,https://raw.githubusercontent.com/chandlersimon/pokemon-ebay-images/main/individuals/20260821/056-01.jpg|https://raw.githubusercontent.com/chandlersimon/pokemon-ebay-images/main/individuals/20260821/056-02.jpg|https://raw.githubusercontent.com/chandlersimon/pokemon-ebay-images/main/individuals/20260821/056-03.jpg|https://raw.githubusercontent.com/chandlersimon/pokemon-ebay-images/main/individuals/20260821/056-04.jpg|https://raw.githubusercontent.com/chandlersimon/pokemon-ebay-images/main/individuals/20260821/056-05.jpg,4000,"<p>This listing is for the exact card shown in the photographs: <strong>Pokemon Ruby Sapphire Ralts 68/109 EX 2003</strong>.</p><p>The card is ungraded. Please inspect all five photographs carefully for the exact condition, including corners, edges, surface, centering, and any visible wear.</p><p>The card will be placed in a penny sleeve and protected with a top loader or semi-rigid holder. It will ship via eBay Standard Envelope. Combined shipping is available when multiple cards are purchased.</p>",FixedPrice
Draft,PKM-20260821-057,183454,Pokemon EX Sandstorm Wobbuffet 26/100 2003,,2.49,1,https://raw.githubusercontent.com/chandlersimon/pokemon-ebay-images/main/individuals/20260821/057-01.jpg|https://raw.githubusercontent.com/chandlersimon/pokemon-ebay-images/main/individuals/20260821/057-02.jpg|https://raw.githubusercontent.com/chandlersimon/pokemon-ebay-images/main/individuals/20260821/057-03.jpg|https://raw.githubusercontent.com/chandlersimon/pokemon-ebay-images/main/individuals/20260821/057-04.jpg|https://raw.githubusercontent.com/chandlersimon/pokemon-ebay-images/main/individuals/20260821/057-05.jpg,4000,"<p>This listing is for the exact card shown in the photographs: <strong>Pokemon EX Sandstorm Wobbuffet 26/100 2003</strong>.</p><p>The card is ungraded. Please inspect all five photographs carefully for the exact condition, including corners, edges, surface, centering, and any visible wear.</p><p>The card will be placed in a penny sleeve and protected with a top loader or semi-rigid holder. It will ship via eBay Standard Envelope. Combined shipping is available when multiple cards are purchased.</p>",FixedPrice
Draft,PKM-20260821-058,183454,Pokemon Neo Discovery Unown M 49/75 WOTC 2001,,2.49,1,https://raw.githubusercontent.com/chandlersimon/pokemon-ebay-images/main/individuals/20260821/058-01.jpg|https://raw.githubusercontent.com/chandlersimon/pokemon-ebay-images/main/individuals/20260821/058-02.jpg|https://raw.githubusercontent.com/chandlersimon/pokemon-ebay-images/main/individuals/20260821/058-03.jpg|https://raw.githubusercontent.com/chandlersimon/pokemon-ebay-images/main/individuals/20260821/058-04.jpg|https://raw.githubusercontent.com/chandlersimon/pokemon-ebay-images/main/individuals/20260821/058-05.jpg,4000,"<p>This listing is for the exact card shown in the photographs: <strong>Pokemon Neo Discovery Unown M 49/75 WOTC 2001</strong>.</p><p>The card is ungraded. Please inspect all five photographs carefully for the exact condition, including corners, edges, surface, centering, and any visible wear.</p><p>The card will be placed in a penny sleeve and protected with a top loader or semi-rigid holder. It will ship via eBay Standard Envelope. Combined shipping is available when multiple cards are purchased.</p>",FixedPrice
Draft,PKM-20260821-059,183454,Pokemon 2009 World Championships Nidoqueen #30 Deck Card,,2.49,1,https://raw.githubusercontent.com/chandlersimon/pokemon-ebay-images/main/individuals/20260821/059-01.jpg|https://raw.githubusercontent.com/chandlersimon/pokemon-ebay-images/main/individuals/20260821/059-02.jpg|https://raw.githubusercontent.com/chandlersimon/pokemon-ebay-images/main/individuals/20260821/059-03.jpg|https://raw.githubusercontent.com/chandlersimon/pokemon-ebay-images/main/individuals/20260821/059-04.jpg|https://raw.githubusercontent.com/chandlersimon/pokemon-ebay-images/main/individuals/20260821/059-05.jpg,4000,"<p>This listing is for the exact card shown in the photographs: <strong>Pokemon 2009 World Championships Nidoqueen #30 Deck Card</strong>.</p><p>The card is ungraded. Please inspect all five photographs carefully for the exact condition, including corners, edges, surface, centering, and any visible wear.</p><p>The card will be placed in a penny sleeve and protected with a top loader or semi-rigid holder. It will ship via eBay Standard Envelope. Combined shipping is available when multiple cards are purchased.</p>",FixedPrice
Draft,PKM-20260821-060,183454,Pokemon Diamond Pearl Unown A 65/130 2007,,2.49,1,https://raw.githubusercontent.com/chandlersimon/pokemon-ebay-images/main/individuals/20260821/060-01.jpg|https://raw.githubusercontent.com/chandlersimon/pokemon-ebay-images/main/individuals/20260821/060-02.jpg|https://raw.githubusercontent.com/chandlersimon/pokemon-ebay-images/main/individuals/20260821/060-03.jpg|https://raw.githubusercontent.com/chandlersimon/pokemon-ebay-images/main/individuals/20260821/060-04.jpg|https://raw.githubusercontent.com/chandlersimon/pokemon-ebay-images/main/individuals/20260821/060-05.jpg,4000,"<p>This listing is for the exact card shown in the photographs: <strong>Pokemon Diamond Pearl Unown A 65/130 2007</strong>.</p><p>The card is ungraded. Please inspect all five photographs carefully for the exact condition, including corners, edges, surface, centering, and any visible wear.</p><p>The card will be placed in a penny sleeve and protected with a top loader or semi-rigid holder. It will ship via eBay Standard Envelope. Combined shipping is available when multiple cards are purchased.</p>",FixedPrice
Draft,PKM-20260821-061,183454,Pokemon Mysterious Treasures Mr Mime 30/123 2007,,2.99,1,https://raw.githubusercontent.com/chandlersimon/pokemon-ebay-images/main/individuals/20260821/061-01.jpg|https://raw.githubusercontent.com/chandlersimon/pokemon-ebay-images/main/individuals/20260821/061-02.jpg|https://raw.githubusercontent.com/chandlersimon/pokemon-ebay-images/main/individuals/20260821/061-03.jpg|https://raw.githubusercontent.com/chandlersimon/pokemon-ebay-images/main/individuals/20260821/061-04.jpg|https://raw.githubusercontent.com/chandlersimon/pokemon-ebay-images/main/individuals/20260821/061-05.jpg,4000,"<p>This listing is for the exact card shown in the photographs: <strong>Pokemon Mysterious Treasures Mr Mime 30/123 2007</strong>.</p><p>The card is ungraded. Please inspect all five photographs carefully for the exact condition, including corners, edges, surface, centering, and any visible wear.</p><p>The card will be placed in a penny sleeve and protected with a top loader or semi-rigid holder. It will ship via eBay Standard Envelope. Combined shipping is available when multiple cards are purchased.</p>",FixedPrice
Draft,PKM-20260821-062,183454,Pokemon EX Sandstorm Duskull 61/100 2003,,2.99,1,https://raw.githubusercontent.com/chandlersimon/pokemon-ebay-images/main/individuals/20260821/062-01.jpg|https://raw.githubusercontent.com/chandlersimon/pokemon-ebay-images/main/individuals/20260821/062-02.jpg|https://raw.githubusercontent.com/chandlersimon/pokemon-ebay-images/main/individuals/20260821/062-03.jpg|https://raw.githubusercontent.com/chandlersimon/pokemon-ebay-images/main/individuals/20260821/062-04.jpg|https://raw.githubusercontent.com/chandlersimon/pokemon-ebay-images/main/individuals/20260821/062-05.jpg,4000,"<p>This listing is for the exact card shown in the photographs: <strong>Pokemon EX Sandstorm Duskull 61/100 2003</strong>.</p><p>The card is ungraded. Please inspect all five photographs carefully for the exact condition, including corners, edges, surface, centering, and any visible wear.</p><p>The card will be placed in a penny sleeve and protected with a top loader or semi-rigid holder. It will ship via eBay Standard Envelope. Combined shipping is available when multiple cards are purchased.</p>",FixedPrice
Draft,PKM-20260821-063,183454,Pokemon EX Dragon Frontiers Quilava Delta Species 36/101 2006,,2.99,1,https://raw.githubusercontent.com/chandlersimon/pokemon-ebay-images/main/individuals/20260821/063-01.jpg|https://raw.githubusercontent.com/chandlersimon/pokemon-ebay-images/main/individuals/20260821/063-02.jpg|https://raw.githubusercontent.com/chandlersimon/pokemon-ebay-images/main/individuals/20260821/063-03.jpg|https://raw.githubusercontent.com/chandlersimon/pokemon-ebay-images/main/individuals/20260821/063-04.jpg|https://raw.githubusercontent.com/chandlersimon/pokemon-ebay-images/main/individuals/20260821/063-05.jpg,4000,"<p>This listing is for the exact card shown in the photographs: <strong>Pokemon EX Dragon Frontiers Quilava Delta Species 36/101 2006</strong>.</p><p>The card is ungraded. Please inspect all five photographs carefully for the exact condition, including corners, edges, surface, centering, and any visible wear.</p><p>The card will be placed in a penny sleeve and protected with a top loader or semi-rigid holder. It will ship via eBay Standard Envelope. Combined shipping is available when multiple cards are purchased.</p>",FixedPrice
Draft,PKM-20260821-064,183454,Pokemon Diamond Pearl Mime Jr 90/130 2007,,2.99,1,https://raw.githubusercontent.com/chandlersimon/pokemon-ebay-images/main/individuals/20260821/064-01.jpg|https://raw.githubusercontent.com/chandlersimon/pokemon-ebay-images/main/individuals/20260821/064-02.jpg|https://raw.githubusercontent.com/chandlersimon/pokemon-ebay-images/main/individuals/20260821/064-03.jpg|https://raw.githubusercontent.com/chandlersimon/pokemon-ebay-images/main/individuals/20260821/064-04.jpg|https://raw.githubusercontent.com/chandlersimon/pokemon-ebay-images/main/individuals/20260821/064-05.jpg,4000,"<p>This listing is for the exact card shown in the photographs: <strong>Pokemon Diamond Pearl Mime Jr 90/130 2007</strong>.</p><p>The card is ungraded. Please inspect all five photographs carefully for the exact condition, including corners, edges, surface, centering, and any visible wear.</p><p>The card will be placed in a penny sleeve and protected with a top loader or semi-rigid holder. It will ship via eBay Standard Envelope. Combined shipping is available when multiple cards are purchased.</p>",FixedPrice
Draft,PKM-20260821-065,183454,Pokemon Diamond Pearl Mime Jr 90/130 2007,,2.99,1,https://raw.githubusercontent.com/chandlersimon/pokemon-ebay-images/main/individuals/20260821/065-01.jpg|https://raw.githubusercontent.com/chandlersimon/pokemon-ebay-images/main/individuals/20260821/065-02.jpg|https://raw.githubusercontent.com/chandlersimon/pokemon-ebay-images/main/individuals/20260821/065-03.jpg|https://raw.githubusercontent.com/chandlersimon/pokemon-ebay-images/main/individuals/20260821/065-04.jpg|https://raw.githubusercontent.com/chandlersimon/pokemon-ebay-images/main/individuals/20260821/065-05.jpg,4000,"<p>This listing is for the exact card shown in the photographs: <strong>Pokemon Diamond Pearl Mime Jr 90/130 2007</strong>.</p><p>The card is ungraded. Please inspect all five photographs carefully for the exact condition, including corners, edges, surface, centering, and any visible wear.</p><p>The card will be placed in a penny sleeve and protected with a top loader or semi-rigid holder. It will ship via eBay Standard Envelope. Combined shipping is available when multiple cards are purchased.</p>",FixedPrice
Draft,PKM-20260821-066,183454,Pokemon Diamond Pearl Mime Jr 90/130 2007,,2.99,1,https://raw.githubusercontent.com/chandlersimon/pokemon-ebay-images/main/individuals/20260821/066-01.jpg|https://raw.githubusercontent.com/chandlersimon/pokemon-ebay-images/main/individuals/20260821/066-02.jpg|https://raw.githubusercontent.com/chandlersimon/pokemon-ebay-images/main/individuals/20260821/066-03.jpg|https://raw.githubusercontent.com/chandlersimon/pokemon-ebay-images/main/individuals/20260821/066-04.jpg|https://raw.githubusercontent.com/chandlersimon/pokemon-ebay-images/main/individuals/20260821/066-05.jpg,4000,"<p>This listing is for the exact card shown in the photographs: <strong>Pokemon Diamond Pearl Mime Jr 90/130 2007</strong>.</p><p>The card is ungraded. Please inspect all five photographs carefully for the exact condition, including corners, edges, surface, centering, and any visible wear.</p><p>The card will be placed in a penny sleeve and protected with a top loader or semi-rigid holder. It will ship via eBay Standard Envelope. Combined shipping is available when multiple cards are purchased.</p>",FixedPrice
Draft,PKM-20260821-067,183454,Pokemon Base Set Gastly 50/102 Shadowless WOTC 1999,,3.99,1,https://raw.githubusercontent.com/chandlersimon/pokemon-ebay-images/main/individuals/20260821/067-01.jpg|https://raw.githubusercontent.com/chandlersimon/pokemon-ebay-images/main/individuals/20260821/067-02.jpg|https://raw.githubusercontent.com/chandlersimon/pokemon-ebay-images/main/individuals/20260821/067-03.jpg|https://raw.githubusercontent.com/chandlersimon/pokemon-ebay-images/main/individuals/20260821/067-04.jpg|https://raw.githubusercontent.com/chandlersimon/pokemon-ebay-images/main/individuals/20260821/067-05.jpg,4000,"<p>This listing is for the exact card shown in the photographs: <strong>Pokemon Base Set Gastly 50/102 Shadowless WOTC 1999</strong>.</p><p>The card is ungraded. Please inspect all five photographs carefully for the exact condition, including corners, edges, surface, centering, and any visible wear.</p><p>The card will be placed in a penny sleeve and protected with a top loader or semi-rigid holder. It will ship via eBay Standard Envelope. Combined shipping is available when multiple cards are purchased.</p>",FixedPrice
Draft,PKM-20260821-068,183454,Pokemon EX Crystal Guardians Dusclops 17/100 2006,,2.49,1,https://raw.githubusercontent.com/chandlersimon/pokemon-ebay-images/main/individuals/20260821/068-01.jpg|https://raw.githubusercontent.com/chandlersimon/pokemon-ebay-images/main/individuals/20260821/068-02.jpg|https://raw.githubusercontent.com/chandlersimon/pokemon-ebay-images/main/individuals/20260821/068-03.jpg|https://raw.githubusercontent.com/chandlersimon/pokemon-ebay-images/main/individuals/20260821/068-04.jpg|https://raw.githubusercontent.com/chandlersimon/pokemon-ebay-images/main/individuals/20260821/068-05.jpg,4000,"<p>This listing is for the exact card shown in the photographs: <strong>Pokemon EX Crystal Guardians Dusclops 17/100 2006</strong>.</p><p>The card is ungraded. Please inspect all five photographs carefully for the exact condition, including corners, edges, surface, centering, and any visible wear.</p><p>The card will be placed in a penny sleeve and protected with a top loader or semi-rigid holder. It will ship via eBay Standard Envelope. Combined shipping is available when multiple cards are purchased.</p>",FixedPrice
Draft,PKM-20260821-069,183454,Pokemon 2010 World Championships Uxie #43 Deck Card,,4.99,1,https://raw.githubusercontent.com/chandlersimon/pokemon-ebay-images/main/individuals/20260821/069-01.jpg|https://raw.githubusercontent.com/chandlersimon/pokemon-ebay-images/main/individuals/20260821/069-02.jpg|https://raw.githubusercontent.com/chandlersimon/pokemon-ebay-images/main/individuals/20260821/069-03.jpg|https://raw.githubusercontent.com/chandlersimon/pokemon-ebay-images/main/individuals/20260821/069-04.jpg|https://raw.githubusercontent.com/chandlersimon/pokemon-ebay-images/main/individuals/20260821/069-05.jpg,4000,"<p>This listing is for the exact card shown in the photographs: <strong>Pokemon 2010 World Championships Uxie #43 Deck Card</strong>.</p><p>The card is ungraded. Please inspect all five photographs carefully for the exact condition, including corners, edges, surface, centering, and any visible wear.</p><p>The card will be placed in a penny sleeve and protected with a top loader or semi-rigid holder. It will ship via eBay Standard Envelope. Combined shipping is available when multiple cards are purchased.</p>",FixedPrice
Draft,PKM-20260821-070,183454,Pokemon Great Encounters Unown G 57/106 2008,,6.49,1,https://raw.githubusercontent.com/chandlersimon/pokemon-ebay-images/main/individuals/20260821/070-01.jpg|https://raw.githubusercontent.com/chandlersimon/pokemon-ebay-images/main/individuals/20260821/070-02.jpg|https://raw.githubusercontent.com/chandlersimon/pokemon-ebay-images/main/individuals/20260821/070-03.jpg|https://raw.githubusercontent.com/chandlersimon/pokemon-ebay-images/main/individuals/20260821/070-04.jpg|https://raw.githubusercontent.com/chandlersimon/pokemon-ebay-images/main/individuals/20260821/070-05.jpg,4000,"<p>This listing is for the exact card shown in the photographs: <strong>Pokemon Great Encounters Unown G 57/106 2008</strong>.</p><p>The card is ungraded. Please inspect all five photographs carefully for the exact condition, including corners, edges, surface, centering, and any visible wear.</p><p>The card will be placed in a penny sleeve and protected with a top loader or semi-rigid holder. It will ship via eBay Standard Envelope. Combined shipping is available when multiple cards are purchased.</p>",FixedPrice
Draft,PKM-20260821-071,183454,Pokemon Aquapolis Drowzee 74B/147 WOTC E-Reader 2003,,6.49,1,https://raw.githubusercontent.com/chandlersimon/pokemon-ebay-images/main/individuals/20260821/071-01.jpg|https://raw.githubusercontent.com/chandlersimon/pokemon-ebay-images/main/individuals/20260821/071-02.jpg|https://raw.githubusercontent.com/chandlersimon/pokemon-ebay-images/main/individuals/20260821/071-03.jpg|https://raw.githubusercontent.com/chandlersimon/pokemon-ebay-images/main/individuals/20260821/071-04.jpg|https://raw.githubusercontent.com/chandlersimon/pokemon-ebay-images/main/individuals/20260821/071-05.jpg,4000,"<p>This listing is for the exact card shown in the photographs: <strong>Pokemon Aquapolis Drowzee 74B/147 WOTC E-Reader 2003</strong>.</p><p>The card is ungraded. Please inspect all five photographs carefully for the exact condition, including corners, edges, surface, centering, and any visible wear.</p><p>The card will be placed in a penny sleeve and protected with a top loader or semi-rigid holder. It will ship via eBay Standard Envelope. Combined shipping is available when multiple cards are purchased.</p>",FixedPrice
Draft,PKM-20260821-072,183454,Pokemon Italian Base Set Farfetch'd 27/102 WOTC 1999-2000,,5.99,1,https://raw.githubusercontent.com/chandlersimon/pokemon-ebay-images/main/individuals/20260821/072-01.jpg|https://raw.githubusercontent.com/chandlersimon/pokemon-ebay-images/main/individuals/20260821/072-02.jpg|https://raw.githubusercontent.com/chandlersimon/pokemon-ebay-images/main/individuals/20260821/072-03.jpg|https://raw.githubusercontent.com/chandlersimon/pokemon-ebay-images/main/individuals/20260821/072-04.jpg|https://raw.githubusercontent.com/chandlersimon/pokemon-ebay-images/main/individuals/20260821/072-05.jpg,4000,"<p>This listing is for the exact card shown in the photographs: <strong>Pokemon Italian Base Set Farfetch'd 27/102 WOTC 1999-2000</strong>.</p><p>This is an Italian-language card. The card is ungraded. Please inspect all five photographs carefully for the exact condition, including corners, edges, surface, centering, and any visible wear.</p><p>The card will be placed in a penny sleeve and protected with a top loader or semi-rigid holder. It will ship via eBay Standard Envelope. Combined shipping is available when multiple cards are purchased.</p>",FixedPrice
Draft,PKM-20260821-073,183454,Pokemon Italian Team Rocket Dark Kadabra 39/82 WOTC 2000,,2.49,1,https://raw.githubusercontent.com/chandlersimon/pokemon-ebay-images/main/individuals/20260821/073-01.jpg|https://raw.githubusercontent.com/chandlersimon/pokemon-ebay-images/main/individuals/20260821/073-02.jpg|https://raw.githubusercontent.com/chandlersimon/pokemon-ebay-images/main/individuals/20260821/073-03.jpg|https://raw.githubusercontent.com/chandlersimon/pokemon-ebay-images/main/individuals/20260821/073-04.jpg|https://raw.githubusercontent.com/chandlersimon/pokemon-ebay-images/main/individuals/20260821/073-05.jpg,4000,"<p>This listing is for the exact card shown in the photographs: <strong>Pokemon Italian Team Rocket Dark Kadabra 39/82 WOTC 2000</strong>.</p><p>This is an Italian-language card. The card is ungraded. Please inspect all five photographs carefully for the exact condition, including corners, edges, surface, centering, and any visible wear.</p><p>The card will be placed in a penny sleeve and protected with a top loader or semi-rigid holder. It will ship via eBay Standard Envelope. Combined shipping is available when multiple cards are purchased.</p>",FixedPrice
Draft,PKM-20260821-074,183454,Pokemon Italian Team Rocket Dark Rapidash 44/82 WOTC 2000,,2.49,1,https://raw.githubusercontent.com/chandlersimon/pokemon-ebay-images/main/individuals/20260821/074-01.jpg|https://raw.githubusercontent.com/chandlersimon/pokemon-ebay-images/main/individuals/20260821/074-02.jpg|https://raw.githubusercontent.com/chandlersimon/pokemon-ebay-images/main/individuals/20260821/074-03.jpg|https://raw.githubusercontent.com/chandlersimon/pokemon-ebay-images/main/individuals/20260821/074-04.jpg|https://raw.githubusercontent.com/chandlersimon/pokemon-ebay-images/main/individuals/20260821/074-05.jpg,4000,"<p>This listing is for the exact card shown in the photographs: <strong>Pokemon Italian Team Rocket Dark Rapidash 44/82 WOTC 2000</strong>.</p><p>This is an Italian-language card. The card is ungraded. Please inspect all five photographs carefully for the exact condition, including corners, edges, surface, centering, and any visible wear.</p><p>The card will be placed in a penny sleeve and protected with a top loader or semi-rigid holder. It will ship via eBay Standard Envelope. Combined shipping is available when multiple cards are purchased.</p>",FixedPrice
Draft,PKM-20260821-075,183454,Pokemon Italian Neo Genesis Cleffa 20/111 WOTC 2000,,7.99,1,https://raw.githubusercontent.com/chandlersimon/pokemon-ebay-images/main/individuals/20260821/075-01.jpg|https://raw.githubusercontent.com/chandlersimon/pokemon-ebay-images/main/individuals/20260821/075-02.jpg|https://raw.githubusercontent.com/chandlersimon/pokemon-ebay-images/main/individuals/20260821/075-03.jpg|https://raw.githubusercontent.com/chandlersimon/pokemon-ebay-images/main/individuals/20260821/075-04.jpg|https://raw.githubusercontent.com/chandlersimon/pokemon-ebay-images/main/individuals/20260821/075-05.jpg,4000,"<p>This listing is for the exact card shown in the photographs: <strong>Pokemon Italian Neo Genesis Cleffa 20/111 WOTC 2000</strong>.</p><p>This is an Italian-language card. The card is ungraded. Please inspect all five photographs carefully for the exact condition, including corners, edges, surface, centering, and any visible wear.</p><p>The card will be placed in a penny sleeve and protected with a top loader or semi-rigid holder. It will ship via eBay Standard Envelope. Combined shipping is available when multiple cards are purchased.</p>",FixedPrice
Draft,PKM-20260821-076,183454,Pokemon Italian Fossil Psyduck 53/62 WOTC 1999-2000,,2.49,1,https://raw.githubusercontent.com/chandlersimon/pokemon-ebay-images/main/individuals/20260821/076-01.jpg|https://raw.githubusercontent.com/chandlersimon/pokemon-ebay-images/main/individuals/20260821/076-02.jpg|https://raw.githubusercontent.com/chandlersimon/pokemon-ebay-images/main/individuals/20260821/076-03.jpg|https://raw.githubusercontent.com/chandlersimon/pokemon-ebay-images/main/individuals/20260821/076-04.jpg|https://raw.githubusercontent.com/chandlersimon/pokemon-ebay-images/main/individuals/20260821/076-05.jpg,4000,"<p>This listing is for the exact card shown in the photographs: <strong>Pokemon Italian Fossil Psyduck 53/62 WOTC 1999-2000</strong>.</p><p>This is an Italian-language card. The card is ungraded. Please inspect all five photographs carefully for the exact condition, including corners, edges, surface, centering, and any visible wear.</p><p>The card will be placed in a penny sleeve and protected with a top loader or semi-rigid holder. It will ship via eBay Standard Envelope. Combined shipping is available when multiple cards are purchased.</p>",FixedPrice
Draft,PKM-20260821-077,183454,Pokemon Italian Team Rocket Magikarp 47/82 WOTC 2000,,2.49,1,https://raw.githubusercontent.com/chandlersimon/pokemon-ebay-images/main/individuals/20260821/077-01.jpg|https://raw.githubusercontent.com/chandlersimon/pokemon-ebay-images/main/individuals/20260821/077-02.jpg|https://raw.githubusercontent.com/chandlersimon/pokemon-ebay-images/main/individuals/20260821/077-03.jpg|https://raw.githubusercontent.com/chandlersimon/pokemon-ebay-images/main/individuals/20260821/077-04.jpg|https://raw.githubusercontent.com/chandlersimon/pokemon-ebay-images/main/individuals/20260821/077-05.jpg,4000,"<p>This listing is for the exact card shown in the photographs: <strong>Pokemon Italian Team Rocket Magikarp 47/82 WOTC 2000</strong>.</p><p>This is an Italian-language card. The card is ungraded. Please inspect all five photographs carefully for the exact condition, including corners, edges, surface, centering, and any visible wear.</p><p>The card will be placed in a penny sleeve and protected with a top loader or semi-rigid holder. It will ship via eBay Standard Envelope. Combined shipping is available when multiple cards are purchased.</p>",FixedPrice
Draft,PKM-20260821-078,183454,Pokemon Italian Team Rocket Dark Wartortle 46/82 WOTC 2000,,2.49,1,https://raw.githubusercontent.com/chandlersimon/pokemon-ebay-images/main/individuals/20260821/078-01.jpg|https://raw.githubusercontent.com/chandlersimon/pokemon-ebay-images/main/individuals/20260821/078-02.jpg|https://raw.githubusercontent.com/chandlersimon/pokemon-ebay-images/main/individuals/20260821/078-03.jpg|https://raw.githubusercontent.com/chandlersimon/pokemon-ebay-images/main/individuals/20260821/078-04.jpg|https://raw.githubusercontent.com/chandlersimon/pokemon-ebay-images/main/individuals/20260821/078-05.jpg,4000,"<p>This listing is for the exact card shown in the photographs: <strong>Pokemon Italian Team Rocket Dark Wartortle 46/82 WOTC 2000</strong>.</p><p>This is an Italian-language card. The card is ungraded. Please inspect all five photographs carefully for the exact condition, including corners, edges, surface, centering, and any visible wear.</p><p>The card will be placed in a penny sleeve and protected with a top loader or semi-rigid holder. It will ship via eBay Standard Envelope. Combined shipping is available when multiple cards are purchased.</p>",FixedPrice
Draft,PKM-20260821-079,183454,Pokemon Italian Team Rocket Dark Vaporeon 45/82 WOTC 2000,,3.49,1,https://raw.githubusercontent.com/chandlersimon/pokemon-ebay-images/main/individuals/20260821/079-01.jpg|https://raw.githubusercontent.com/chandlersimon/pokemon-ebay-images/main/individuals/20260821/079-02.jpg|https://raw.githubusercontent.com/chandlersimon/pokemon-ebay-images/main/individuals/20260821/079-03.jpg|https://raw.githubusercontent.com/chandlersimon/pokemon-ebay-images/main/individuals/20260821/079-04.jpg|https://raw.githubusercontent.com/chandlersimon/pokemon-ebay-images/main/individuals/20260821/079-05.jpg,4000,"<p>This listing is for the exact card shown in the photographs: <strong>Pokemon Italian Team Rocket Dark Vaporeon 45/82 WOTC 2000</strong>.</p><p>This is an Italian-language card. The card is ungraded. Please inspect all five photographs carefully for the exact condition, including corners, edges, surface, centering, and any visible wear.</p><p>The card will be placed in a penny sleeve and protected with a top loader or semi-rigid holder. It will ship via eBay Standard Envelope. Combined shipping is available when multiple cards are purchased.</p>",FixedPrice
Draft,PKM-20260821-080,183454,Pokemon Italian Base Set Kadabra 32/102 WOTC 1999-2000,,3.49,1,https://raw.githubusercontent.com/chandlersimon/pokemon-ebay-images/main/individuals/20260821/080-01.jpg|https://raw.githubusercontent.com/chandlersimon/pokemon-ebay-images/main/individuals/20260821/080-02.jpg|https://raw.githubusercontent.com/chandlersimon/pokemon-ebay-images/main/individuals/20260821/080-03.jpg|https://raw.githubusercontent.com/chandlersimon/pokemon-ebay-images/main/individuals/20260821/080-04.jpg|https://raw.githubusercontent.com/chandlersimon/pokemon-ebay-images/main/individuals/20260821/080-05.jpg,4000,"<p>This listing is for the exact card shown in the photographs: <strong>Pokemon Italian Base Set Kadabra 32/102 WOTC 1999-2000</strong>.</p><p>This is an Italian-language card. The card is ungraded. Please inspect all five photographs carefully for the exact condition, including corners, edges, surface, centering, and any visible wear.</p><p>The card will be placed in a penny sleeve and protected with a top loader or semi-rigid holder. It will ship via eBay Standard Envelope. Combined shipping is available when multiple cards are purchased.</p>",FixedPrice
Draft,PKM-20260821-081,183454,Pokemon Italian Team Rocket Dark Dugtrio 23/82 WOTC 2000,,5.99,1,https://raw.githubusercontent.com/chandlersimon/pokemon-ebay-images/main/individuals/20260821/081-01.jpg|https://raw.githubusercontent.com/chandlersimon/pokemon-ebay-images/main/individuals/20260821/081-02.jpg|https://raw.githubusercontent.com/chandlersimon/pokemon-ebay-images/main/individuals/20260821/081-03.jpg|https://raw.githubusercontent.com/chandlersimon/pokemon-ebay-images/main/individuals/20260821/081-04.jpg|https://raw.githubusercontent.com/chandlersimon/pokemon-ebay-images/main/individuals/20260821/081-05.jpg,4000,"<p>This listing is for the exact card shown in the photographs: <strong>Pokemon Italian Team Rocket Dark Dugtrio 23/82 WOTC 2000</strong>.</p><p>This is an Italian-language card. The card is ungraded. Please inspect all five photographs carefully for the exact condition, including corners, edges, surface, centering, and any visible wear.</p><p>The card will be placed in a penny sleeve and protected with a top loader or semi-rigid holder. It will ship via eBay Standard Envelope. Combined shipping is available when multiple cards are purchased.</p>",FixedPrice
Draft,PKM-20260821-082,183454,Pokemon Italian Base Set Vulpix 68/102 WOTC 1999-2000,,2.49,1,https://raw.githubusercontent.com/chandlersimon/pokemon-ebay-images/main/individuals/20260821/082-01.jpg|https://raw.githubusercontent.com/chandlersimon/pokemon-ebay-images/main/individuals/20260821/082-02.jpg|https://raw.githubusercontent.com/chandlersimon/pokemon-ebay-images/main/individuals/20260821/082-03.jpg|https://raw.githubusercontent.com/chandlersimon/pokemon-ebay-images/main/individuals/20260821/082-04.jpg|https://raw.githubusercontent.com/chandlersimon/pokemon-ebay-images/main/individuals/20260821/082-05.jpg,4000,"<p>This listing is for the exact card shown in the photographs: <strong>Pokemon Italian Base Set Vulpix 68/102 WOTC 1999-2000</strong>.</p><p>This is an Italian-language card. The card is ungraded. Please inspect all five photographs carefully for the exact condition, including corners, edges, surface, centering, and any visible wear.</p><p>The card will be placed in a penny sleeve and protected with a top loader or semi-rigid holder. It will ship via eBay Standard Envelope. Combined shipping is available when multiple cards are purchased.</p>",FixedPrice
Draft,PKM-20260821-083,183454,Pokemon Italian Team Rocket Dark Charmeleon 32/82 WOTC 2000,,3.99,1,https://raw.githubusercontent.com/chandlersimon/pokemon-ebay-images/main/individuals/20260821/083-01.jpg|https://raw.githubusercontent.com/chandlersimon/pokemon-ebay-images/main/individuals/20260821/083-02.jpg|https://raw.githubusercontent.com/chandlersimon/pokemon-ebay-images/main/individuals/20260821/083-03.jpg|https://raw.githubusercontent.com/chandlersimon/pokemon-ebay-images/main/individuals/20260821/083-04.jpg|https://raw.githubusercontent.com/chandlersimon/pokemon-ebay-images/main/individuals/20260821/083-05.jpg,4000,"<p>This listing is for the exact card shown in the photographs: <strong>Pokemon Italian Team Rocket Dark Charmeleon 32/82 WOTC 2000</strong>.</p><p>This is an Italian-language card. The card is ungraded. Please inspect all five photographs carefully for the exact condition, including corners, edges, surface, centering, and any visible wear.</p><p>The card will be placed in a penny sleeve and protected with a top loader or semi-rigid holder. It will ship via eBay Standard Envelope. Combined shipping is available when multiple cards are purchased.</p>",FixedPrice
Draft,PKM-20260821-084,183454,Pokemon EX Dragon Mareep 64/97 2003,,2.99,1,https://raw.githubusercontent.com/chandlersimon/pokemon-ebay-images/main/individuals/20260821/084-01.jpg|https://raw.githubusercontent.com/chandlersimon/pokemon-ebay-images/main/individuals/20260821/084-02.jpg|https://raw.githubusercontent.com/chandlersimon/pokemon-ebay-images/main/individuals/20260821/084-03.jpg|https://raw.githubusercontent.com/chandlersimon/pokemon-ebay-images/main/individuals/20260821/084-04.jpg|https://raw.githubusercontent.com/chandlersimon/pokemon-ebay-images/main/individuals/20260821/084-05.jpg,4000,"<p>This listing is for the exact card shown in the photographs: <strong>Pokemon EX Dragon Mareep 64/97 2003</strong>.</p><p>The card is ungraded. Please inspect all five photographs carefully for the exact condition, including corners, edges, surface, centering, and any visible wear.</p><p>The card will be placed in a penny sleeve and protected with a top loader or semi-rigid holder. It will ship via eBay Standard Envelope. Combined shipping is available when multiple cards are purchased.</p>",FixedPrice
Draft,PKM-20260821-085,183454,Pokemon Holon Phantoms Pidgeotto Delta Species 49/110 2006,,2.99,1,https://raw.githubusercontent.com/chandlersimon/pokemon-ebay-images/main/individuals/20260821/085-01.jpg|https://raw.githubusercontent.com/chandlersimon/pokemon-ebay-images/main/individuals/20260821/085-02.jpg|https://raw.githubusercontent.com/chandlersimon/pokemon-ebay-images/main/individuals/20260821/085-03.jpg|https://raw.githubusercontent.com/chandlersimon/pokemon-ebay-images/main/individuals/20260821/085-04.jpg|https://raw.githubusercontent.com/chandlersimon/pokemon-ebay-images/main/individuals/20260821/085-05.jpg,4000,"<p>This listing is for the exact card shown in the photographs: <strong>Pokemon Holon Phantoms Pidgeotto Delta Species 49/110 2006</strong>.</p><p>The card is ungraded. Please inspect all five photographs carefully for the exact condition, including corners, edges, surface, centering, and any visible wear.</p><p>The card will be placed in a penny sleeve and protected with a top loader or semi-rigid holder. It will ship via eBay Standard Envelope. Combined shipping is available when multiple cards are purchased.</p>",FixedPrice
Draft,PKM-20260821-086,183454,Pokemon Expedition Electabuzz 76/165 WOTC E-Reader 2002,,3.49,1,https://raw.githubusercontent.com/chandlersimon/pokemon-ebay-images/main/individuals/20260821/086-01.jpg|https://raw.githubusercontent.com/chandlersimon/pokemon-ebay-images/main/individuals/20260821/086-02.jpg|https://raw.githubusercontent.com/chandlersimon/pokemon-ebay-images/main/individuals/20260821/086-03.jpg|https://raw.githubusercontent.com/chandlersimon/pokemon-ebay-images/main/individuals/20260821/086-04.jpg|https://raw.githubusercontent.com/chandlersimon/pokemon-ebay-images/main/individuals/20260821/086-05.jpg,4000,"<p>This listing is for the exact card shown in the photographs: <strong>Pokemon Expedition Electabuzz 76/165 WOTC E-Reader 2002</strong>.</p><p>The card is ungraded. Please inspect all five photographs carefully for the exact condition, including corners, edges, surface, centering, and any visible wear.</p><p>The card will be placed in a penny sleeve and protected with a top loader or semi-rigid holder. It will ship via eBay Standard Envelope. Combined shipping is available when multiple cards are purchased.</p>",FixedPrice
Draft,PKM-20260821-087,183454,Pokemon Neo Revelation Flaaffy 28/64 WOTC 2001,,2.49,1,https://raw.githubusercontent.com/chandlersimon/pokemon-ebay-images/main/individuals/20260821/087-01.jpg|https://raw.githubusercontent.com/chandlersimon/pokemon-ebay-images/main/individuals/20260821/087-02.jpg|https://raw.githubusercontent.com/chandlersimon/pokemon-ebay-images/main/individuals/20260821/087-03.jpg|https://raw.githubusercontent.com/chandlersimon/pokemon-ebay-images/main/individuals/20260821/087-04.jpg|https://raw.githubusercontent.com/chandlersimon/pokemon-ebay-images/main/individuals/20260821/087-05.jpg,4000,"<p>This listing is for the exact card shown in the photographs: <strong>Pokemon Neo Revelation Flaaffy 28/64 WOTC 2001</strong>.</p><p>The card is ungraded. Please inspect all five photographs carefully for the exact condition, including corners, edges, surface, centering, and any visible wear.</p><p>The card will be placed in a penny sleeve and protected with a top loader or semi-rigid holder. It will ship via eBay Standard Envelope. Combined shipping is available when multiple cards are purchased.</p>",FixedPrice
Draft,PKM-20260821-088,183454,Pokemon Power Keepers Magneton 16/108 EX 2007,,5.99,1,https://raw.githubusercontent.com/chandlersimon/pokemon-ebay-images/main/individuals/20260821/088-01.jpg|https://raw.githubusercontent.com/chandlersimon/pokemon-ebay-images/main/individuals/20260821/088-02.jpg|https://raw.githubusercontent.com/chandlersimon/pokemon-ebay-images/main/individuals/20260821/088-03.jpg|https://raw.githubusercontent.com/chandlersimon/pokemon-ebay-images/main/individuals/20260821/088-04.jpg|https://raw.githubusercontent.com/chandlersimon/pokemon-ebay-images/main/individuals/20260821/088-05.jpg,4000,"<p>This listing is for the exact card shown in the photographs: <strong>Pokemon Power Keepers Magneton 16/108 EX 2007</strong>.</p><p>The card is ungraded. Please inspect all five photographs carefully for the exact condition, including corners, edges, surface, centering, and any visible wear.</p><p>The card will be placed in a penny sleeve and protected with a top loader or semi-rigid holder. It will ship via eBay Standard Envelope. Combined shipping is available when multiple cards are purchased.</p>",FixedPrice
Draft,PKM-20260821-089,183454,Pokemon Expedition Mareep 119/165 WOTC E-Reader 2002,,3.49,1,https://raw.githubusercontent.com/chandlersimon/pokemon-ebay-images/main/individuals/20260821/089-01.jpg|https://raw.githubusercontent.com/chandlersimon/pokemon-ebay-images/main/individuals/20260821/089-02.jpg|https://raw.githubusercontent.com/chandlersimon/pokemon-ebay-images/main/individuals/20260821/089-03.jpg|https://raw.githubusercontent.com/chandlersimon/pokemon-ebay-images/main/individuals/20260821/089-04.jpg|https://raw.githubusercontent.com/chandlersimon/pokemon-ebay-images/main/individuals/20260821/089-05.jpg,4000,"<p>This listing is for the exact card shown in the photographs: <strong>Pokemon Expedition Mareep 119/165 WOTC E-Reader 2002</strong>.</p><p>The card is ungraded. Please inspect all five photographs carefully for the exact condition, including corners, edges, surface, centering, and any visible wear.</p><p>The card will be placed in a penny sleeve and protected with a top loader or semi-rigid holder. It will ship via eBay Standard Envelope. Combined shipping is available when multiple cards are purchased.</p>",FixedPrice
Draft,PKM-20260821-090,183454,Pokemon Neo Genesis Flaaffy 34/111 WOTC 2000,,2.99,1,https://raw.githubusercontent.com/chandlersimon/pokemon-ebay-images/main/individuals/20260821/090-01.jpg|https://raw.githubusercontent.com/chandlersimon/pokemon-ebay-images/main/individuals/20260821/090-02.jpg|https://raw.githubusercontent.com/chandlersimon/pokemon-ebay-images/main/individuals/20260821/090-03.jpg|https://raw.githubusercontent.com/chandlersimon/pokemon-ebay-images/main/individuals/20260821/090-04.jpg|https://raw.githubusercontent.com/chandlersimon/pokemon-ebay-images/main/individuals/20260821/090-05.jpg,4000,"<p>This listing is for the exact card shown in the photographs: <strong>Pokemon Neo Genesis Flaaffy 34/111 WOTC 2000</strong>.</p><p>The card is ungraded. Please inspect all five photographs carefully for the exact condition, including corners, edges, surface, centering, and any visible wear.</p><p>The card will be placed in a penny sleeve and protected with a top loader or semi-rigid holder. It will ship via eBay Standard Envelope. Combined shipping is available when multiple cards are purchased.</p>",FixedPrice
Draft,PKM-20260821-091,183454,Pokemon Gym Heroes Lt. Surge's Magnemite 80/132 WOTC 2000,,2.49,1,https://raw.githubusercontent.com/chandlersimon/pokemon-ebay-images/main/individuals/20260821/091-01.jpg|https://raw.githubusercontent.com/chandlersimon/pokemon-ebay-images/main/individuals/20260821/091-02.jpg|https://raw.githubusercontent.com/chandlersimon/pokemon-ebay-images/main/individuals/20260821/091-03.jpg|https://raw.githubusercontent.com/chandlersimon/pokemon-ebay-images/main/individuals/20260821/091-04.jpg|https://raw.githubusercontent.com/chandlersimon/pokemon-ebay-images/main/individuals/20260821/091-05.jpg,4000,"<p>This listing is for the exact card shown in the photographs: <strong>Pokemon Gym Heroes Lt. Surge's Magnemite 80/132 WOTC 2000</strong>.</p><p>The card is ungraded. Please inspect all five photographs carefully for the exact condition, including corners, edges, surface, centering, and any visible wear.</p><p>The card will be placed in a penny sleeve and protected with a top loader or semi-rigid holder. It will ship via eBay Standard Envelope. Combined shipping is available when multiple cards are purchased.</p>",FixedPrice
Draft,PKM-20260821-092,183454,Pokemon EX Dragon Mareep 64/97 2003,,2.99,1,https://raw.githubusercontent.com/chandlersimon/pokemon-ebay-images/main/individuals/20260821/092-01.jpg|https://raw.githubusercontent.com/chandlersimon/pokemon-ebay-images/main/individuals/20260821/092-02.jpg|https://raw.githubusercontent.com/chandlersimon/pokemon-ebay-images/main/individuals/20260821/092-03.jpg|https://raw.githubusercontent.com/chandlersimon/pokemon-ebay-images/main/individuals/20260821/092-04.jpg|https://raw.githubusercontent.com/chandlersimon/pokemon-ebay-images/main/individuals/20260821/092-05.jpg,4000,"<p>This listing is for the exact card shown in the photographs: <strong>Pokemon EX Dragon Mareep 64/97 2003</strong>.</p><p>The card is ungraded. Please inspect all five photographs carefully for the exact condition, including corners, edges, surface, centering, and any visible wear.</p><p>The card will be placed in a penny sleeve and protected with a top loader or semi-rigid holder. It will ship via eBay Standard Envelope. Combined shipping is available when multiple cards are purchased.</p>",FixedPrice
Draft,PKM-20260821-093,183454,Pokemon Crystal Guardians Charmander Delta Species 49/100 2006,,4.99,1,https://raw.githubusercontent.com/chandlersimon/pokemon-ebay-images/main/individuals/20260821/093-01.jpg|https://raw.githubusercontent.com/chandlersimon/pokemon-ebay-images/main/individuals/20260821/093-02.jpg|https://raw.githubusercontent.com/chandlersimon/pokemon-ebay-images/main/individuals/20260821/093-03.jpg|https://raw.githubusercontent.com/chandlersimon/pokemon-ebay-images/main/individuals/20260821/093-04.jpg|https://raw.githubusercontent.com/chandlersimon/pokemon-ebay-images/main/individuals/20260821/093-05.jpg,4000,"<p>This listing is for the exact card shown in the photographs: <strong>Pokemon Crystal Guardians Charmander Delta Species 49/100 2006</strong>.</p><p>The card is ungraded. Please inspect all five photographs carefully for the exact condition, including corners, edges, surface, centering, and any visible wear.</p><p>The card will be placed in a penny sleeve and protected with a top loader or semi-rigid holder. It will ship via eBay Standard Envelope. Combined shipping is available when multiple cards are purchased.</p>",FixedPrice
Draft,PKM-20260821-094,183454,Pokemon Neo Destiny Mareep 75/105 WOTC 2002,,2.49,1,https://raw.githubusercontent.com/chandlersimon/pokemon-ebay-images/main/individuals/20260821/094-01.jpg|https://raw.githubusercontent.com/chandlersimon/pokemon-ebay-images/main/individuals/20260821/094-02.jpg|https://raw.githubusercontent.com/chandlersimon/pokemon-ebay-images/main/individuals/20260821/094-03.jpg|https://raw.githubusercontent.com/chandlersimon/pokemon-ebay-images/main/individuals/20260821/094-04.jpg|https://raw.githubusercontent.com/chandlersimon/pokemon-ebay-images/main/individuals/20260821/094-05.jpg,4000,"<p>This listing is for the exact card shown in the photographs: <strong>Pokemon Neo Destiny Mareep 75/105 WOTC 2002</strong>.</p><p>The card is ungraded. Please inspect all five photographs carefully for the exact condition, including corners, edges, surface, centering, and any visible wear.</p><p>The card will be placed in a penny sleeve and protected with a top loader or semi-rigid holder. It will ship via eBay Standard Envelope. Combined shipping is available when multiple cards are purchased.</p>",FixedPrice
Draft,PKM-20260821-095,183454,Pokemon Expedition Electabuzz 76/165 WOTC E-Reader 2002,,3.49,1,https://raw.githubusercontent.com/chandlersimon/pokemon-ebay-images/main/individuals/20260821/095-01.jpg|https://raw.githubusercontent.com/chandlersimon/pokemon-ebay-images/main/individuals/20260821/095-02.jpg|https://raw.githubusercontent.com/chandlersimon/pokemon-ebay-images/main/individuals/20260821/095-03.jpg|https://raw.githubusercontent.com/chandlersimon/pokemon-ebay-images/main/individuals/20260821/095-04.jpg|https://raw.githubusercontent.com/chandlersimon/pokemon-ebay-images/main/individuals/20260821/095-05.jpg,4000,"<p>This listing is for the exact card shown in the photographs: <strong>Pokemon Expedition Electabuzz 76/165 WOTC E-Reader 2002</strong>.</p><p>The card is ungraded. Please inspect all five photographs carefully for the exact condition, including corners, edges, surface, centering, and any visible wear.</p><p>The card will be placed in a penny sleeve and protected with a top loader or semi-rigid holder. It will ship via eBay Standard Envelope. Combined shipping is available when multiple cards are purchased.</p>",FixedPrice
Draft,PKM-20260821-096,183454,Pokemon EX Dragon Flaaffy 27/97 2003,,3.99,1,https://raw.githubusercontent.com/chandlersimon/pokemon-ebay-images/main/individuals/20260821/096-01.jpg|https://raw.githubusercontent.com/chandlersimon/pokemon-ebay-images/main/individuals/20260821/096-02.jpg|https://raw.githubusercontent.com/chandlersimon/pokemon-ebay-images/main/individuals/20260821/096-03.jpg|https://raw.githubusercontent.com/chandlersimon/pokemon-ebay-images/main/individuals/20260821/096-04.jpg|https://raw.githubusercontent.com/chandlersimon/pokemon-ebay-images/main/individuals/20260821/096-05.jpg,4000,"<p>This listing is for the exact card shown in the photographs: <strong>Pokemon EX Dragon Flaaffy 27/97 2003</strong>.</p><p>The card is ungraded. Please inspect all five photographs carefully for the exact condition, including corners, edges, surface, centering, and any visible wear.</p><p>The card will be placed in a penny sleeve and protected with a top loader or semi-rigid holder. It will ship via eBay Standard Envelope. Combined shipping is available when multiple cards are purchased.</p>",FixedPrice
Draft,PKM-20260821-097,183454,Pokemon Aquapolis Mareep 93/147 WOTC E-Reader 2003,,7.49,1,https://raw.githubusercontent.com/chandlersimon/pokemon-ebay-images/main/individuals/20260821/097-01.jpg|https://raw.githubusercontent.com/chandlersimon/pokemon-ebay-images/main/individuals/20260821/097-02.jpg|https://raw.githubusercontent.com/chandlersimon/pokemon-ebay-images/main/individuals/20260821/097-03.jpg|https://raw.githubusercontent.com/chandlersimon/pokemon-ebay-images/main/individuals/20260821/097-04.jpg|https://raw.githubusercontent.com/chandlersimon/pokemon-ebay-images/main/individuals/20260821/097-05.jpg,4000,"<p>This listing is for the exact card shown in the photographs: <strong>Pokemon Aquapolis Mareep 93/147 WOTC E-Reader 2003</strong>.</p><p>The card is ungraded. Please inspect all five photographs carefully for the exact condition, including corners, edges, surface, centering, and any visible wear.</p><p>The card will be placed in a penny sleeve and protected with a top loader or semi-rigid holder. It will ship via eBay Standard Envelope. Combined shipping is available when multiple cards are purchased.</p>",FixedPrice
Draft,PKM-20260821-098,183454,Pokemon Diamond Pearl Shinx Reverse Holo 98/130 2007,,2.49,1,https://raw.githubusercontent.com/chandlersimon/pokemon-ebay-images/main/individuals/20260821/098-01.jpg|https://raw.githubusercontent.com/chandlersimon/pokemon-ebay-images/main/individuals/20260821/098-02.jpg|https://raw.githubusercontent.com/chandlersimon/pokemon-ebay-images/main/individuals/20260821/098-03.jpg|https://raw.githubusercontent.com/chandlersimon/pokemon-ebay-images/main/individuals/20260821/098-04.jpg|https://raw.githubusercontent.com/chandlersimon/pokemon-ebay-images/main/individuals/20260821/098-05.jpg,4000,"<p>This listing is for the exact card shown in the photographs: <strong>Pokemon Diamond Pearl Shinx Reverse Holo 98/130 2007</strong>.</p><p>The card is ungraded. Please inspect all five photographs carefully for the exact condition, including corners, edges, surface, centering, and any visible wear.</p><p>The card will be placed in a penny sleeve and protected with a top loader or semi-rigid holder. It will ship via eBay Standard Envelope. Combined shipping is available when multiple cards are purchased.</p>",FixedPrice
Draft,PKM-20260821-099,183454,Pokemon FireRed LeafGreen Charmeleon 31/112 EX 2004,,4.49,1,https://raw.githubusercontent.com/chandlersimon/pokemon-ebay-images/main/individuals/20260821/099-01.jpg|https://raw.githubusercontent.com/chandlersimon/pokemon-ebay-images/main/individuals/20260821/099-02.jpg|https://raw.githubusercontent.com/chandlersimon/pokemon-ebay-images/main/individuals/20260821/099-03.jpg|https://raw.githubusercontent.com/chandlersimon/pokemon-ebay-images/main/individuals/20260821/099-04.jpg|https://raw.githubusercontent.com/chandlersimon/pokemon-ebay-images/main/individuals/20260821/099-05.jpg,4000,"<p>This listing is for the exact card shown in the photographs: <strong>Pokemon FireRed LeafGreen Charmeleon 31/112 EX 2004</strong>.</p><p>The card is ungraded. Please inspect all five photographs carefully for the exact condition, including corners, edges, surface, centering, and any visible wear.</p><p>The card will be placed in a penny sleeve and protected with a top loader or semi-rigid holder. It will ship via eBay Standard Envelope. Combined shipping is available when multiple cards are purchased.</p>",FixedPrice
Draft,PKM-20260821-100,183454,Pokemon FireRed LeafGreen Charmeleon 31/112 EX 2004,,4.49,1,https://raw.githubusercontent.com/chandlersimon/pokemon-ebay-images/main/individuals/20260821/100-01.jpg|https://raw.githubusercontent.com/chandlersimon/pokemon-ebay-images/main/individuals/20260821/100-02.jpg|https://raw.githubusercontent.com/chandlersimon/pokemon-ebay-images/main/individuals/20260821/100-03.jpg|https://raw.githubusercontent.com/chandlersimon/pokemon-ebay-images/main/individuals/20260821/100-04.jpg|https://raw.githubusercontent.com/chandlersimon/pokemon-ebay-images/main/individuals/20260821/100-05.jpg,4000,"<p>This listing is for the exact card shown in the photographs: <strong>Pokemon FireRed LeafGreen Charmeleon 31/112 EX 2004</strong>.</p><p>The card is ungraded. Please inspect all five photographs carefully for the exact condition, including corners, edges, surface, centering, and any visible wear.</p><p>The card will be placed in a penny sleeve and protected with a top loader or semi-rigid holder. It will ship via eBay Standard Envelope. Combined shipping is available when multiple cards are purchased.</p>",FixedPrice
Draft,PKM-20260821-101,183454,Pokemon EX Dragon Frontiers Swellow 40/101 2006,,2.49,1,https://raw.githubusercontent.com/chandlersimon/pokemon-ebay-images/main/individuals/20260821/101-01.jpg|https://raw.githubusercontent.com/chandlersimon/pokemon-ebay-images/main/individuals/20260821/101-02.jpg|https://raw.githubusercontent.com/chandlersimon/pokemon-ebay-images/main/individuals/20260821/101-03.jpg|https://raw.githubusercontent.com/chandlersimon/pokemon-ebay-images/main/individuals/20260821/101-04.jpg|https://raw.githubusercontent.com/chandlersimon/pokemon-ebay-images/main/individuals/20260821/101-05.jpg,4000,"<p>This listing is for the exact card shown in the photographs: <strong>Pokemon EX Dragon Frontiers Swellow 40/101 2006</strong>.</p><p>The card is ungraded. Please inspect all five photographs carefully for the exact condition, including corners, edges, surface, centering, and any visible wear.</p><p>The card will be placed in a penny sleeve and protected with a top loader or semi-rigid holder. It will ship via eBay Standard Envelope. Combined shipping is available when multiple cards are purchased.</p>",FixedPrice
Draft,PKM-20260821-102,183454,Pokemon EX Holon Phantoms Seadra 52/110 2006,,2.49,1,https://raw.githubusercontent.com/chandlersimon/pokemon-ebay-images/main/individuals/20260821/102-01.jpg|https://raw.githubusercontent.com/chandlersimon/pokemon-ebay-images/main/individuals/20260821/102-02.jpg|https://raw.githubusercontent.com/chandlersimon/pokemon-ebay-images/main/individuals/20260821/102-03.jpg|https://raw.githubusercontent.com/chandlersimon/pokemon-ebay-images/main/individuals/20260821/102-04.jpg|https://raw.githubusercontent.com/chandlersimon/pokemon-ebay-images/main/individuals/20260821/102-05.jpg,4000,"<p>This listing is for the exact card shown in the photographs: <strong>Pokemon EX Holon Phantoms Seadra 52/110 2006</strong>.</p><p>The card is ungraded. Please inspect all five photographs carefully for the exact condition, including corners, edges, surface, centering, and any visible wear.</p><p>The card will be placed in a penny sleeve and protected with a top loader or semi-rigid holder. It will ship via eBay Standard Envelope. Combined shipping is available when multiple cards are purchased.</p>",FixedPrice
Draft,PKM-20260821-103,183454,Pokemon Base Set Magmar 36/102 WOTC 1999,,2.99,1,https://raw.githubusercontent.com/chandlersimon/pokemon-ebay-images/main/individuals/20260821/103-01.jpg|https://raw.githubusercontent.com/chandlersimon/pokemon-ebay-images/main/individuals/20260821/103-02.jpg|https://raw.githubusercontent.com/chandlersimon/pokemon-ebay-images/main/individuals/20260821/103-03.jpg|https://raw.githubusercontent.com/chandlersimon/pokemon-ebay-images/main/individuals/20260821/103-04.jpg|https://raw.githubusercontent.com/chandlersimon/pokemon-ebay-images/main/individuals/20260821/103-05.jpg,4000,"<p>This listing is for the exact card shown in the photographs: <strong>Pokemon Base Set Magmar 36/102 WOTC 1999</strong>.</p><p>The card is ungraded. Please inspect all five photographs carefully for the exact condition, including corners, edges, surface, centering, and any visible wear.</p><p>The card will be placed in a penny sleeve and protected with a top loader or semi-rigid holder. It will ship via eBay Standard Envelope. Combined shipping is available when multiple cards are purchased.</p>",FixedPrice
Draft,PKM-20260821-104,183454,Pokemon EX Sandstorm Cyndaquil 59/100 2003,,2.99,1,https://raw.githubusercontent.com/chandlersimon/pokemon-ebay-images/main/individuals/20260821/104-01.jpg|https://raw.githubusercontent.com/chandlersimon/pokemon-ebay-images/main/individuals/20260821/104-02.jpg|https://raw.githubusercontent.com/chandlersimon/pokemon-ebay-images/main/individuals/20260821/104-03.jpg|https://raw.githubusercontent.com/chandlersimon/pokemon-ebay-images/main/individuals/20260821/104-04.jpg|https://raw.githubusercontent.com/chandlersimon/pokemon-ebay-images/main/individuals/20260821/104-05.jpg,4000,"<p>This listing is for the exact card shown in the photographs: <strong>Pokemon EX Sandstorm Cyndaquil 59/100 2003</strong>.</p><p>The card is ungraded. Please inspect all five photographs carefully for the exact condition, including corners, edges, surface, centering, and any visible wear.</p><p>The card will be placed in a penny sleeve and protected with a top loader or semi-rigid holder. It will ship via eBay Standard Envelope. Combined shipping is available when multiple cards are purchased.</p>",FixedPrice
Draft,PKM-20260821-105,183454,Pokemon Gym Challenge Blaine's Rapidash 33/132 WOTC 2000,,2.99,1,https://raw.githubusercontent.com/chandlersimon/pokemon-ebay-images/main/individuals/20260821/105-01.jpg|https://raw.githubusercontent.com/chandlersimon/pokemon-ebay-images/main/individuals/20260821/105-02.jpg|https://raw.githubusercontent.com/chandlersimon/pokemon-ebay-images/main/individuals/20260821/105-03.jpg|https://raw.githubusercontent.com/chandlersimon/pokemon-ebay-images/main/individuals/20260821/105-04.jpg|https://raw.githubusercontent.com/chandlersimon/pokemon-ebay-images/main/individuals/20260821/105-05.jpg,4000,"<p>This listing is for the exact card shown in the photographs: <strong>Pokemon Gym Challenge Blaine's Rapidash 33/132 WOTC 2000</strong>.</p><p>The card is ungraded. Please inspect all five photographs carefully for the exact condition, including corners, edges, surface, centering, and any visible wear.</p><p>The card will be placed in a penny sleeve and protected with a top loader or semi-rigid holder. It will ship via eBay Standard Envelope. Combined shipping is available when multiple cards are purchased.</p>",FixedPrice
Draft,PKM-20260821-106,183454,Pokemon Neo Genesis Cyndaquil 57/111 WOTC 2000,,2.99,1,https://raw.githubusercontent.com/chandlersimon/pokemon-ebay-images/main/individuals/20260821/106-01.jpg|https://raw.githubusercontent.com/chandlersimon/pokemon-ebay-images/main/individuals/20260821/106-02.jpg|https://raw.githubusercontent.com/chandlersimon/pokemon-ebay-images/main/individuals/20260821/106-03.jpg|https://raw.githubusercontent.com/chandlersimon/pokemon-ebay-images/main/individuals/20260821/106-04.jpg|https://raw.githubusercontent.com/chandlersimon/pokemon-ebay-images/main/individuals/20260821/106-05.jpg,4000,"<p>This listing is for the exact card shown in the photographs: <strong>Pokemon Neo Genesis Cyndaquil 57/111 WOTC 2000</strong>.</p><p>The card is ungraded. Please inspect all five photographs carefully for the exact condition, including corners, edges, surface, centering, and any visible wear.</p><p>The card will be placed in a penny sleeve and protected with a top loader or semi-rigid holder. It will ship via eBay Standard Envelope. Combined shipping is available when multiple cards are purchased.</p>",FixedPrice
Draft,PKM-20260821-107,183454,Pokemon Neo Genesis Cyndaquil 57/111 WOTC 2000,,2.99,1,https://raw.githubusercontent.com/chandlersimon/pokemon-ebay-images/main/individuals/20260821/107-01.jpg|https://raw.githubusercontent.com/chandlersimon/pokemon-ebay-images/main/individuals/20260821/107-02.jpg|https://raw.githubusercontent.com/chandlersimon/pokemon-ebay-images/main/individuals/20260821/107-03.jpg|https://raw.githubusercontent.com/chandlersimon/pokemon-ebay-images/main/individuals/20260821/107-04.jpg|https://raw.githubusercontent.com/chandlersimon/pokemon-ebay-images/main/individuals/20260821/107-05.jpg,4000,"<p>This listing is for the exact card shown in the photographs: <strong>Pokemon Neo Genesis Cyndaquil 57/111 WOTC 2000</strong>.</p><p>The card is ungraded. Please inspect all five photographs carefully for the exact condition, including corners, edges, surface, centering, and any visible wear.</p><p>The card will be placed in a penny sleeve and protected with a top loader or semi-rigid holder. It will ship via eBay Standard Envelope. Combined shipping is available when multiple cards are purchased.</p>",FixedPrice
Draft,PKM-20260821-108,183454,Pokemon Gym Heroes Blaine's Vulpix 65/132 WOTC 2000,,2.99,1,https://raw.githubusercontent.com/chandlersimon/pokemon-ebay-images/main/individuals/20260821/108-01.jpg|https://raw.githubusercontent.com/chandlersimon/pokemon-ebay-images/main/individuals/20260821/108-02.jpg|https://raw.githubusercontent.com/chandlersimon/pokemon-ebay-images/main/individuals/20260821/108-03.jpg|https://raw.githubusercontent.com/chandlersimon/pokemon-ebay-images/main/individuals/20260821/108-04.jpg|https://raw.githubusercontent.com/chandlersimon/pokemon-ebay-images/main/individuals/20260821/108-05.jpg,4000,"<p>This listing is for the exact card shown in the photographs: <strong>Pokemon Gym Heroes Blaine's Vulpix 65/132 WOTC 2000</strong>.</p><p>The card is ungraded. Please inspect all five photographs carefully for the exact condition, including corners, edges, surface, centering, and any visible wear.</p><p>The card will be placed in a penny sleeve and protected with a top loader or semi-rigid holder. It will ship via eBay Standard Envelope. Combined shipping is available when multiple cards are purchased.</p>",FixedPrice
Draft,PKM-20260821-109,183454,Pokemon Team Magma vs Team Aqua Houndour 63/95 EX 2004,,3.49,1,https://raw.githubusercontent.com/chandlersimon/pokemon-ebay-images/main/individuals/20260821/109-01.jpg|https://raw.githubusercontent.com/chandlersimon/pokemon-ebay-images/main/individuals/20260821/109-02.jpg|https://raw.githubusercontent.com/chandlersimon/pokemon-ebay-images/main/individuals/20260821/109-03.jpg|https://raw.githubusercontent.com/chandlersimon/pokemon-ebay-images/main/individuals/20260821/109-04.jpg|https://raw.githubusercontent.com/chandlersimon/pokemon-ebay-images/main/individuals/20260821/109-05.jpg,4000,"<p>This listing is for the exact card shown in the photographs: <strong>Pokemon Team Magma vs Team Aqua Houndour 63/95 EX 2004</strong>.</p><p>The card is ungraded. Please inspect all five photographs carefully for the exact condition, including corners, edges, surface, centering, and any visible wear.</p><p>The card will be placed in a penny sleeve and protected with a top loader or semi-rigid holder. It will ship via eBay Standard Envelope. Combined shipping is available when multiple cards are purchased.</p>",FixedPrice
Draft,PKM-20260821-110,183454,Pokemon Team Magma vs Team Aqua Houndour 63/95 EX 2004,,3.49,1,https://raw.githubusercontent.com/chandlersimon/pokemon-ebay-images/main/individuals/20260821/110-01.jpg|https://raw.githubusercontent.com/chandlersimon/pokemon-ebay-images/main/individuals/20260821/110-02.jpg|https://raw.githubusercontent.com/chandlersimon/pokemon-ebay-images/main/individuals/20260821/110-03.jpg|https://raw.githubusercontent.com/chandlersimon/pokemon-ebay-images/main/individuals/20260821/110-04.jpg|https://raw.githubusercontent.com/chandlersimon/pokemon-ebay-images/main/individuals/20260821/110-05.jpg,4000,"<p>This listing is for the exact card shown in the photographs: <strong>Pokemon Team Magma vs Team Aqua Houndour 63/95 EX 2004</strong>.</p><p>The card is ungraded. Please inspect all five photographs carefully for the exact condition, including corners, edges, surface, centering, and any visible wear.</p><p>The card will be placed in a penny sleeve and protected with a top loader or semi-rigid holder. It will ship via eBay Standard Envelope. Combined shipping is available when multiple cards are purchased.</p>",FixedPrice
Draft,PKM-20260821-111,183454,Pokemon EX Sandstorm Quilava 51/100 2003,,3.99,1,https://raw.githubusercontent.com/chandlersimon/pokemon-ebay-images/main/individuals/20260821/111-01.jpg|https://raw.githubusercontent.com/chandlersimon/pokemon-ebay-images/main/individuals/20260821/111-02.jpg|https://raw.githubusercontent.com/chandlersimon/pokemon-ebay-images/main/individuals/20260821/111-03.jpg|https://raw.githubusercontent.com/chandlersimon/pokemon-ebay-images/main/individuals/20260821/111-04.jpg|https://raw.githubusercontent.com/chandlersimon/pokemon-ebay-images/main/individuals/20260821/111-05.jpg,4000,"<p>This listing is for the exact card shown in the photographs: <strong>Pokemon EX Sandstorm Quilava 51/100 2003</strong>.</p><p>The card is ungraded. Please inspect all five photographs carefully for the exact condition, including corners, edges, surface, centering, and any visible wear.</p><p>The card will be placed in a penny sleeve and protected with a top loader or semi-rigid holder. It will ship via eBay Standard Envelope. Combined shipping is available when multiple cards are purchased.</p>",FixedPrice
Draft,PKM-20260821-112,183454,Pokemon FireRed LeafGreen Charmander 57/112 EX 2004,,4.99,1,https://raw.githubusercontent.com/chandlersimon/pokemon-ebay-images/main/individuals/20260821/112-01.jpg|https://raw.githubusercontent.com/chandlersimon/pokemon-ebay-images/main/individuals/20260821/112-02.jpg|https://raw.githubusercontent.com/chandlersimon/pokemon-ebay-images/main/individuals/20260821/112-03.jpg|https://raw.githubusercontent.com/chandlersimon/pokemon-ebay-images/main/individuals/20260821/112-04.jpg|https://raw.githubusercontent.com/chandlersimon/pokemon-ebay-images/main/individuals/20260821/112-05.jpg,4000,"<p>This listing is for the exact card shown in the photographs: <strong>Pokemon FireRed LeafGreen Charmander 57/112 EX 2004</strong>.</p><p>The card is ungraded. Please inspect all five photographs carefully for the exact condition, including corners, edges, surface, centering, and any visible wear.</p><p>The card will be placed in a penny sleeve and protected with a top loader or semi-rigid holder. It will ship via eBay Standard Envelope. Combined shipping is available when multiple cards are purchased.</p>",FixedPrice
Draft,PKM-20260821-113,183454,Pokemon Expedition Ponyta 126/165 WOTC E-Reader 2002 Uncommon,,6.49,1,https://raw.githubusercontent.com/chandlersimon/pokemon-ebay-images/main/individuals/20260821/113-01.jpg|https://raw.githubusercontent.com/chandlersimon/pokemon-ebay-images/main/individuals/20260821/113-02.jpg|https://raw.githubusercontent.com/chandlersimon/pokemon-ebay-images/main/individuals/20260821/113-03.jpg|https://raw.githubusercontent.com/chandlersimon/pokemon-ebay-images/main/individuals/20260821/113-04.jpg|https://raw.githubusercontent.com/chandlersimon/pokemon-ebay-images/main/individuals/20260821/113-05.jpg,4000,"<p>This listing is for the exact card shown in the photographs: <strong>Pokemon Expedition Ponyta 126/165 WOTC E-Reader 2002 Uncommon</strong>.</p><p>The card is ungraded. Please inspect all five photographs carefully for the exact condition, including corners, edges, surface, centering, and any visible wear.</p><p>The card will be placed in a penny sleeve and protected with a top loader or semi-rigid holder. It will ship via eBay Standard Envelope. Combined shipping is available when multiple cards are purchased.</p>",FixedPrice
Draft,PKM-20260821-114,183454,Pokemon Neo Destiny Phanpy 76/105 WOTC 2002,,1.99,1,https://raw.githubusercontent.com/chandlersimon/pokemon-ebay-images/main/individuals/20260821/114-01.jpg|https://raw.githubusercontent.com/chandlersimon/pokemon-ebay-images/main/individuals/20260821/114-02.jpg|https://raw.githubusercontent.com/chandlersimon/pokemon-ebay-images/main/individuals/20260821/114-03.jpg|https://raw.githubusercontent.com/chandlersimon/pokemon-ebay-images/main/individuals/20260821/114-04.jpg|https://raw.githubusercontent.com/chandlersimon/pokemon-ebay-images/main/individuals/20260821/114-05.jpg,4000,"<p>This listing is for the exact card shown in the photographs: <strong>Pokemon Neo Destiny Phanpy 76/105 WOTC 2002</strong>.</p><p>The card is ungraded. Please inspect all five photographs carefully for the exact condition, including corners, edges, surface, centering, and any visible wear.</p><p>The card will be placed in a penny sleeve and protected with a top loader or semi-rigid holder. It will ship via eBay Standard Envelope. Combined shipping is available when multiple cards are purchased.</p>",FixedPrice
Draft,PKM-20260821-115,183454,Pokemon Neo Destiny Larvitar 70/105 WOTC 2002,,1.99,1,https://raw.githubusercontent.com/chandlersimon/pokemon-ebay-images/main/individuals/20260821/115-01.jpg|https://raw.githubusercontent.com/chandlersimon/pokemon-ebay-images/main/individuals/20260821/115-02.jpg|https://raw.githubusercontent.com/chandlersimon/pokemon-ebay-images/main/individuals/20260821/115-03.jpg|https://raw.githubusercontent.com/chandlersimon/pokemon-ebay-images/main/individuals/20260821/115-04.jpg|https://raw.githubusercontent.com/chandlersimon/pokemon-ebay-images/main/individuals/20260821/115-05.jpg,4000,"<p>This listing is for the exact card shown in the photographs: <strong>Pokemon Neo Destiny Larvitar 70/105 WOTC 2002</strong>.</p><p>The card is ungraded. Please inspect all five photographs carefully for the exact condition, including corners, edges, surface, centering, and any visible wear.</p><p>The card will be placed in a penny sleeve and protected with a top loader or semi-rigid holder. It will ship via eBay Standard Envelope. Combined shipping is available when multiple cards are purchased.</p>",FixedPrice
Draft,PKM-20260821-116,183454,Pokemon FireRed LeafGreen Dugtrio 22/112 EX 2004,,1.99,1,https://raw.githubusercontent.com/chandlersimon/pokemon-ebay-images/main/individuals/20260821/116-01.jpg|https://raw.githubusercontent.com/chandlersimon/pokemon-ebay-images/main/individuals/20260821/116-02.jpg|https://raw.githubusercontent.com/chandlersimon/pokemon-ebay-images/main/individuals/20260821/116-03.jpg|https://raw.githubusercontent.com/chandlersimon/pokemon-ebay-images/main/individuals/20260821/116-04.jpg|https://raw.githubusercontent.com/chandlersimon/pokemon-ebay-images/main/individuals/20260821/116-05.jpg,4000,"<p>This listing is for the exact card shown in the photographs: <strong>Pokemon FireRed LeafGreen Dugtrio 22/112 EX 2004</strong>.</p><p>The card is ungraded. Please inspect all five photographs carefully for the exact condition, including corners, edges, surface, centering, and any visible wear.</p><p>The card will be placed in a penny sleeve and protected with a top loader or semi-rigid holder. It will ship via eBay Standard Envelope. Combined shipping is available when multiple cards are purchased.</p>",FixedPrice
Draft,PKM-20260821-117,183454,Pokemon Neo Destiny Hitmonchan 69/105 WOTC 2002,,2.49,1,https://raw.githubusercontent.com/chandlersimon/pokemon-ebay-images/main/individuals/20260821/117-01.jpg|https://raw.githubusercontent.com/chandlersimon/pokemon-ebay-images/main/individuals/20260821/117-02.jpg|https://raw.githubusercontent.com/chandlersimon/pokemon-ebay-images/main/individuals/20260821/117-03.jpg|https://raw.githubusercontent.com/chandlersimon/pokemon-ebay-images/main/individuals/20260821/117-04.jpg|https://raw.githubusercontent.com/chandlersimon/pokemon-ebay-images/main/individuals/20260821/117-05.jpg,4000,"<p>This listing is for the exact card shown in the photographs: <strong>Pokemon Neo Destiny Hitmonchan 69/105 WOTC 2002</strong>.</p><p>The card is ungraded. Please inspect all five photographs carefully for the exact condition, including corners, edges, surface, centering, and any visible wear.</p><p>The card will be placed in a penny sleeve and protected with a top loader or semi-rigid holder. It will ship via eBay Standard Envelope. Combined shipping is available when multiple cards are purchased.</p>",FixedPrice
Draft,PKM-20260821-118,183454,Pokemon EX Dragon Graveler 29/97 2003,,2.49,1,https://raw.githubusercontent.com/chandlersimon/pokemon-ebay-images/main/individuals/20260821/118-01.jpg|https://raw.githubusercontent.com/chandlersimon/pokemon-ebay-images/main/individuals/20260821/118-02.jpg|https://raw.githubusercontent.com/chandlersimon/pokemon-ebay-images/main/individuals/20260821/118-03.jpg|https://raw.githubusercontent.com/chandlersimon/pokemon-ebay-images/main/individuals/20260821/118-04.jpg|https://raw.githubusercontent.com/chandlersimon/pokemon-ebay-images/main/individuals/20260821/118-05.jpg,4000,"<p>This listing is for the exact card shown in the photographs: <strong>Pokemon EX Dragon Graveler 29/97 2003</strong>.</p><p>The card is ungraded. Please inspect all five photographs carefully for the exact condition, including corners, edges, surface, centering, and any visible wear.</p><p>The card will be placed in a penny sleeve and protected with a top loader or semi-rigid holder. It will ship via eBay Standard Envelope. Combined shipping is available when multiple cards are purchased.</p>",FixedPrice
Draft,PKM-20260821-119,183454,Pokemon EX Dragon Trapinch 78/97 2003,,2.49,1,https://raw.githubusercontent.com/chandlersimon/pokemon-ebay-images/main/individuals/20260821/119-01.jpg|https://raw.githubusercontent.com/chandlersimon/pokemon-ebay-images/main/individuals/20260821/119-02.jpg|https://raw.githubusercontent.com/chandlersimon/pokemon-ebay-images/main/individuals/20260821/119-03.jpg|https://raw.githubusercontent.com/chandlersimon/pokemon-ebay-images/main/individuals/20260821/119-04.jpg|https://raw.githubusercontent.com/chandlersimon/pokemon-ebay-images/main/individuals/20260821/119-05.jpg,4000,"<p>This listing is for the exact card shown in the photographs: <strong>Pokemon EX Dragon Trapinch 78/97 2003</strong>.</p><p>The card is ungraded. Please inspect all five photographs carefully for the exact condition, including corners, edges, surface, centering, and any visible wear.</p><p>The card will be placed in a penny sleeve and protected with a top loader or semi-rigid holder. It will ship via eBay Standard Envelope. Combined shipping is available when multiple cards are purchased.</p>",FixedPrice
Draft,PKM-20260821-120,183454,Pokemon Unseen Forces Quagsire 44/115 EX 2005,,2.49,1,https://raw.githubusercontent.com/chandlersimon/pokemon-ebay-images/main/individuals/20260821/120-01.jpg|https://raw.githubusercontent.com/chandlersimon/pokemon-ebay-images/main/individuals/20260821/120-02.jpg|https://raw.githubusercontent.com/chandlersimon/pokemon-ebay-images/main/individuals/20260821/120-03.jpg|https://raw.githubusercontent.com/chandlersimon/pokemon-ebay-images/main/individuals/20260821/120-04.jpg|https://raw.githubusercontent.com/chandlersimon/pokemon-ebay-images/main/individuals/20260821/120-05.jpg,4000,"<p>This listing is for the exact card shown in the photographs: <strong>Pokemon Unseen Forces Quagsire 44/115 EX 2005</strong>.</p><p>The card is ungraded. Please inspect all five photographs carefully for the exact condition, including corners, edges, surface, centering, and any visible wear.</p><p>The card will be placed in a penny sleeve and protected with a top loader or semi-rigid holder. It will ship via eBay Standard Envelope. Combined shipping is available when multiple cards are purchased.</p>",FixedPrice
Draft,PKM-20260821-121,183454,Pokemon Neo Destiny Hitmonlee 42/105 WOTC 2002,,2.99,1,https://raw.githubusercontent.com/chandlersimon/pokemon-ebay-images/main/individuals/20260821/121-01.jpg|https://raw.githubusercontent.com/chandlersimon/pokemon-ebay-images/main/individuals/20260821/121-02.jpg|https://raw.githubusercontent.com/chandlersimon/pokemon-ebay-images/main/individuals/20260821/121-03.jpg|https://raw.githubusercontent.com/chandlersimon/pokemon-ebay-images/main/individuals/20260821/121-04.jpg|https://raw.githubusercontent.com/chandlersimon/pokemon-ebay-images/main/individuals/20260821/121-05.jpg,4000,"<p>This listing is for the exact card shown in the photographs: <strong>Pokemon Neo Destiny Hitmonlee 42/105 WOTC 2002</strong>.</p><p>The card is ungraded. Please inspect all five photographs carefully for the exact condition, including corners, edges, surface, centering, and any visible wear.</p><p>The card will be placed in a penny sleeve and protected with a top loader or semi-rigid holder. It will ship via eBay Standard Envelope. Combined shipping is available when multiple cards are purchased.</p>",FixedPrice
Draft,PKM-20260821-122,183454,Pokemon Gym Challenge Brock's Graveler 34/132 WOTC 2000,,2.99,1,https://raw.githubusercontent.com/chandlersimon/pokemon-ebay-images/main/individuals/20260821/122-01.jpg|https://raw.githubusercontent.com/chandlersimon/pokemon-ebay-images/main/individuals/20260821/122-02.jpg|https://raw.githubusercontent.com/chandlersimon/pokemon-ebay-images/main/individuals/20260821/122-03.jpg|https://raw.githubusercontent.com/chandlersimon/pokemon-ebay-images/main/individuals/20260821/122-04.jpg|https://raw.githubusercontent.com/chandlersimon/pokemon-ebay-images/main/individuals/20260821/122-05.jpg,4000,"<p>This listing is for the exact card shown in the photographs: <strong>Pokemon Gym Challenge Brock's Graveler 34/132 WOTC 2000</strong>.</p><p>The card is ungraded. Please inspect all five photographs carefully for the exact condition, including corners, edges, surface, centering, and any visible wear.</p><p>The card will be placed in a penny sleeve and protected with a top loader or semi-rigid holder. It will ship via eBay Standard Envelope. Combined shipping is available when multiple cards are purchased.</p>",FixedPrice
Draft,PKM-20260821-123,183454,Pokemon Neo Revelation Shuckle 51/64 WOTC 2001,,3.49,1,https://raw.githubusercontent.com/chandlersimon/pokemon-ebay-images/main/individuals/20260821/123-01.jpg|https://raw.githubusercontent.com/chandlersimon/pokemon-ebay-images/main/individuals/20260821/123-02.jpg|https://raw.githubusercontent.com/chandlersimon/pokemon-ebay-images/main/individuals/20260821/123-03.jpg|https://raw.githubusercontent.com/chandlersimon/pokemon-ebay-images/main/individuals/20260821/123-04.jpg|https://raw.githubusercontent.com/chandlersimon/pokemon-ebay-images/main/individuals/20260821/123-05.jpg,4000,"<p>This listing is for the exact card shown in the photographs: <strong>Pokemon Neo Revelation Shuckle 51/64 WOTC 2001</strong>.</p><p>The card is ungraded. Please inspect all five photographs carefully for the exact condition, including corners, edges, surface, centering, and any visible wear.</p><p>The card will be placed in a penny sleeve and protected with a top loader or semi-rigid holder. It will ship via eBay Standard Envelope. Combined shipping is available when multiple cards are purchased.</p>",FixedPrice
Draft,PKM-20260821-124,183454,Pokemon Neo Revelation Shuckle 51/64 WOTC 2001,,3.49,1,https://raw.githubusercontent.com/chandlersimon/pokemon-ebay-images/main/individuals/20260821/124-01.jpg|https://raw.githubusercontent.com/chandlersimon/pokemon-ebay-images/main/individuals/20260821/124-02.jpg|https://raw.githubusercontent.com/chandlersimon/pokemon-ebay-images/main/individuals/20260821/124-03.jpg|https://raw.githubusercontent.com/chandlersimon/pokemon-ebay-images/main/individuals/20260821/124-04.jpg|https://raw.githubusercontent.com/chandlersimon/pokemon-ebay-images/main/individuals/20260821/124-05.jpg,4000,"<p>This listing is for the exact card shown in the photographs: <strong>Pokemon Neo Revelation Shuckle 51/64 WOTC 2001</strong>.</p><p>The card is ungraded. Please inspect all five photographs carefully for the exact condition, including corners, edges, surface, centering, and any visible wear.</p><p>The card will be placed in a penny sleeve and protected with a top loader or semi-rigid holder. It will ship via eBay Standard Envelope. Combined shipping is available when multiple cards are purchased.</p>",FixedPrice
Draft,PKM-20260821-125,183454,Pokemon Emerald Claydol 24/106 EX 2005,,14.49,1,https://raw.githubusercontent.com/chandlersimon/pokemon-ebay-images/main/individuals/20260821/125-01.jpg|https://raw.githubusercontent.com/chandlersimon/pokemon-ebay-images/main/individuals/20260821/125-02.jpg|https://raw.githubusercontent.com/chandlersimon/pokemon-ebay-images/main/individuals/20260821/125-03.jpg|https://raw.githubusercontent.com/chandlersimon/pokemon-ebay-images/main/individuals/20260821/125-04.jpg|https://raw.githubusercontent.com/chandlersimon/pokemon-ebay-images/main/individuals/20260821/125-05.jpg,4000,"<p>This listing is for the exact card shown in the photographs: <strong>Pokemon Emerald Claydol 24/106 EX 2005</strong>.</p><p>The card is ungraded. Please inspect all five photographs carefully for the exact condition, including corners, edges, surface, centering, and any visible wear.</p><p>The card will be placed in a penny sleeve and protected with a top loader or semi-rigid holder. It will ship via eBay Standard Envelope. Combined shipping is available when multiple cards are purchased.</p>",FixedPrice
Draft,PKM-20260821-126,183454,Pokemon Gym Challenge Brock's Sandslash 36/132 WOTC 2000,,3.49,1,https://raw.githubusercontent.com/chandlersimon/pokemon-ebay-images/main/individuals/20260821/126-01.jpg|https://raw.githubusercontent.com/chandlersimon/pokemon-ebay-images/main/individuals/20260821/126-02.jpg|https://raw.githubusercontent.com/chandlersimon/pokemon-ebay-images/main/individuals/20260821/126-03.jpg|https://raw.githubusercontent.com/chandlersimon/pokemon-ebay-images/main/individuals/20260821/126-04.jpg|https://raw.githubusercontent.com/chandlersimon/pokemon-ebay-images/main/individuals/20260821/126-05.jpg,4000,"<p>This listing is for the exact card shown in the photographs: <strong>Pokemon Gym Challenge Brock's Sandslash 36/132 WOTC 2000</strong>.</p><p>The card is ungraded. Please inspect all five photographs carefully for the exact condition, including corners, edges, surface, centering, and any visible wear.</p><p>The card will be placed in a penny sleeve and protected with a top loader or semi-rigid holder. It will ship via eBay Standard Envelope. Combined shipping is available when multiple cards are purchased.</p>",FixedPrice
Draft,PKM-20260821-127,183454,Pokemon Gym Challenge Brock's Sandslash 36/132 WOTC 2000,,3.49,1,https://raw.githubusercontent.com/chandlersimon/pokemon-ebay-images/main/individuals/20260821/127-01.jpg|https://raw.githubusercontent.com/chandlersimon/pokemon-ebay-images/main/individuals/20260821/127-02.jpg|https://raw.githubusercontent.com/chandlersimon/pokemon-ebay-images/main/individuals/20260821/127-03.jpg|https://raw.githubusercontent.com/chandlersimon/pokemon-ebay-images/main/individuals/20260821/127-04.jpg|https://raw.githubusercontent.com/chandlersimon/pokemon-ebay-images/main/individuals/20260821/127-05.jpg,4000,"<p>This listing is for the exact card shown in the photographs: <strong>Pokemon Gym Challenge Brock's Sandslash 36/132 WOTC 2000</strong>.</p><p>The card is ungraded. Please inspect all five photographs carefully for the exact condition, including corners, edges, surface, centering, and any visible wear.</p><p>The card will be placed in a penny sleeve and protected with a top loader or semi-rigid holder. It will ship via eBay Standard Envelope. Combined shipping is available when multiple cards are purchased.</p>",FixedPrice
Draft,PKM-20260821-128,183454,Pokemon Expedition Diglett 106/165 WOTC E-Reader 2002,,3.99,1,https://raw.githubusercontent.com/chandlersimon/pokemon-ebay-images/main/individuals/20260821/128-01.jpg|https://raw.githubusercontent.com/chandlersimon/pokemon-ebay-images/main/individuals/20260821/128-02.jpg|https://raw.githubusercontent.com/chandlersimon/pokemon-ebay-images/main/individuals/20260821/128-03.jpg|https://raw.githubusercontent.com/chandlersimon/pokemon-ebay-images/main/individuals/20260821/128-04.jpg|https://raw.githubusercontent.com/chandlersimon/pokemon-ebay-images/main/individuals/20260821/128-05.jpg,4000,"<p>This listing is for the exact card shown in the photographs: <strong>Pokemon Expedition Diglett 106/165 WOTC E-Reader 2002</strong>.</p><p>The card is ungraded. Please inspect all five photographs carefully for the exact condition, including corners, edges, surface, centering, and any visible wear.</p><p>The card will be placed in a penny sleeve and protected with a top loader or semi-rigid holder. It will ship via eBay Standard Envelope. Combined shipping is available when multiple cards are purchased.</p>",FixedPrice
Draft,PKM-20260821-129,183454,Pokemon Neo Genesis Donphan 21/111 WOTC 2000,,4.49,1,https://raw.githubusercontent.com/chandlersimon/pokemon-ebay-images/main/individuals/20260821/129-01.jpg|https://raw.githubusercontent.com/chandlersimon/pokemon-ebay-images/main/individuals/20260821/129-02.jpg|https://raw.githubusercontent.com/chandlersimon/pokemon-ebay-images/main/individuals/20260821/129-03.jpg|https://raw.githubusercontent.com/chandlersimon/pokemon-ebay-images/main/individuals/20260821/129-04.jpg|https://raw.githubusercontent.com/chandlersimon/pokemon-ebay-images/main/individuals/20260821/129-05.jpg,4000,"<p>This listing is for the exact card shown in the photographs: <strong>Pokemon Neo Genesis Donphan 21/111 WOTC 2000</strong>.</p><p>The card is ungraded. Please inspect all five photographs carefully for the exact condition, including corners, edges, surface, centering, and any visible wear.</p><p>The card will be placed in a penny sleeve and protected with a top loader or semi-rigid holder. It will ship via eBay Standard Envelope. Combined shipping is available when multiple cards are purchased.</p>",FixedPrice
Draft,PKM-20260821-130,183454,Pokemon Expedition Geodude 110/165 WOTC E-Reader 2002,,4.99,1,https://raw.githubusercontent.com/chandlersimon/pokemon-ebay-images/main/individuals/20260821/130-01.jpg|https://raw.githubusercontent.com/chandlersimon/pokemon-ebay-images/main/individuals/20260821/130-02.jpg|https://raw.githubusercontent.com/chandlersimon/pokemon-ebay-images/main/individuals/20260821/130-03.jpg|https://raw.githubusercontent.com/chandlersimon/pokemon-ebay-images/main/individuals/20260821/130-04.jpg|https://raw.githubusercontent.com/chandlersimon/pokemon-ebay-images/main/individuals/20260821/130-05.jpg,4000,"<p>This listing is for the exact card shown in the photographs: <strong>Pokemon Expedition Geodude 110/165 WOTC E-Reader 2002</strong>.</p><p>The card is ungraded. Please inspect all five photographs carefully for the exact condition, including corners, edges, surface, centering, and any visible wear.</p><p>The card will be placed in a penny sleeve and protected with a top loader or semi-rigid holder. It will ship via eBay Standard Envelope. Combined shipping is available when multiple cards are purchased.</p>",FixedPrice
Draft,PKM-20260821-131,183454,Pokemon Neo Revelation Sudowoodo 26/64 WOTC 2001,,6.49,1,https://raw.githubusercontent.com/chandlersimon/pokemon-ebay-images/main/individuals/20260821/131-01.jpg|https://raw.githubusercontent.com/chandlersimon/pokemon-ebay-images/main/individuals/20260821/131-02.jpg|https://raw.githubusercontent.com/chandlersimon/pokemon-ebay-images/main/individuals/20260821/131-03.jpg|https://raw.githubusercontent.com/chandlersimon/pokemon-ebay-images/main/individuals/20260821/131-04.jpg|https://raw.githubusercontent.com/chandlersimon/pokemon-ebay-images/main/individuals/20260821/131-05.jpg,4000,"<p>This listing is for the exact card shown in the photographs: <strong>Pokemon Neo Revelation Sudowoodo 26/64 WOTC 2001</strong>.</p><p>The card is ungraded. Please inspect all five photographs carefully for the exact condition, including corners, edges, surface, centering, and any visible wear.</p><p>The card will be placed in a penny sleeve and protected with a top loader or semi-rigid holder. It will ship via eBay Standard Envelope. Combined shipping is available when multiple cards are purchased.</p>",FixedPrice
Draft,PKM-20260821-132,183454,Pokemon Neo Discovery Hitmontop 22/75 WOTC 2001,,6.99,1,https://raw.githubusercontent.com/chandlersimon/pokemon-ebay-images/main/individuals/20260821/132-01.jpg|https://raw.githubusercontent.com/chandlersimon/pokemon-ebay-images/main/individuals/20260821/132-02.jpg|https://raw.githubusercontent.com/chandlersimon/pokemon-ebay-images/main/individuals/20260821/132-03.jpg|https://raw.githubusercontent.com/chandlersimon/pokemon-ebay-images/main/individuals/20260821/132-04.jpg|https://raw.githubusercontent.com/chandlersimon/pokemon-ebay-images/main/individuals/20260821/132-05.jpg,4000,"<p>This listing is for the exact card shown in the photographs: <strong>Pokemon Neo Discovery Hitmontop 22/75 WOTC 2001</strong>.</p><p>The card is ungraded. Please inspect all five photographs carefully for the exact condition, including corners, edges, surface, centering, and any visible wear.</p><p>The card will be placed in a penny sleeve and protected with a top loader or semi-rigid holder. It will ship via eBay Standard Envelope. Combined shipping is available when multiple cards are purchased.</p>",FixedPrice
Draft,PKM-20260821-133,183454,Pokemon 2008 World Championships Claydol #15 Deck Card,,3.49,1,https://raw.githubusercontent.com/chandlersimon/pokemon-ebay-images/main/individuals/20260821/133-01.jpg|https://raw.githubusercontent.com/chandlersimon/pokemon-ebay-images/main/individuals/20260821/133-02.jpg|https://raw.githubusercontent.com/chandlersimon/pokemon-ebay-images/main/individuals/20260821/133-03.jpg|https://raw.githubusercontent.com/chandlersimon/pokemon-ebay-images/main/individuals/20260821/133-04.jpg|https://raw.githubusercontent.com/chandlersimon/pokemon-ebay-images/main/individuals/20260821/133-05.jpg,4000,"<p>This listing is for the exact card shown in the photographs: <strong>Pokemon 2008 World Championships Claydol #15 Deck Card</strong>.</p><p>The card is ungraded. Please inspect all five photographs carefully for the exact condition, including corners, edges, surface, centering, and any visible wear.</p><p>The card will be placed in a penny sleeve and protected with a top loader or semi-rigid holder. It will ship via eBay Standard Envelope. Combined shipping is available when multiple cards are purchased.</p>",FixedPrice
